"path","kind","name","declaration","methodCount","propertyCount"
"Sources/TwinCAT.OpenFramework.Automation/AUTOMATION_ERROR_LOG.TcDUT","DUT","AUTOMATION_ERROR_LOG","TYPE AUTOMATION_ERROR_LOG : | STRUCT | 	ShortMessage : TOF_Core.ERROR_MESSAGE; | 	FullMessage : TOF_Core.ERROR_MESSAGE; | 	Source : STRING(255); | 	LocalTimestamp : LDATE_AND_TIME;	 | 	UtcTimestamp : LDATE_AND_TIME;	 | END_STRUCT | END_TYPE","0","0"
"Sources/TwinCAT.OpenFramework.Automation/AutomationComponent/AutomationComponent.TcPOU","POU","AutomationComponent","FUNCTION_BLOCK ABSTRACT AutomationComponent EXTENDS TOF_Core.Object IMPLEMENTS IAutomationComponent | VAR | 	{attribute 'hide'}  | 	_Name : WSTRING; |  | 	{attribute 'hide'}  | 	_Enabled : BOOL := TRUE; | 	 | 	{attribute 'hide'}  | 	_OperationalState : OPERATIONAL_STATE;	 | 	{attribute 'hide'}  | 	_OperationalStateReason : WSTRING(255);	 |  | 	_InitializationTimer : Tc2_Standard.TON; | 	 | 	{attribute 'hide'}  | 	_Error : TOF_Core.ERROR; | 	 | 	{attribute 'hide'}  | 	_ExceptionHandlingPolicy : TOF_Core.IExceptionHandlingPolicy; | END_VAR","17","8"
"Sources/TwinCAT.OpenFramework.Automation/AutomationComponent/Branches/AutomationController/AutomationController.TcPOU","POU","AutomationController","FUNCTION_BLOCK ABSTRACT AutomationController  | VAR_GENERIC CONSTANT | 	{attribute 'hide'}  |     _ChildCount : TOF_Core.INT_LENGTH := 0; | END_VAR | EXTENDS BranchAutomationComponent IMPLEMENTS IAutomationController | VAR | 	{attribute 'hide'}  | 	_Plugins : POINTER TO IAutomationControllerPlugin; | 	{attribute 'hide'}  |     _PluginCount : TOF_Core.INT_LENGTH := 0; | END_VAR","7","3"
"Sources/TwinCAT.OpenFramework.Automation/AutomationComponent/Branches/AutomationController/AutomationControllers.TcPOU","POU","AutomationControllers","{attribute 'no_explicit_call' := 'do not call this function block directly'}  | PROGRAM AutomationControllers | VAR_OUTPUT CONSTANT | 	NoPlugins : ARRAY [0..-1] OF IAutomationControllerPlugin := []; | END_VAR | VAR | 	_ClassName : STRING := __POUNAME(); | END_VAR","0","2"
"Sources/TwinCAT.OpenFramework.Automation/AutomationComponent/Branches/AutomationController/IAutomationController.TcIO","Itf","IAutomationController","INTERFACE IAutomationController EXTENDS IParentAutomationComponent","1","1"
"Sources/TwinCAT.OpenFramework.Automation/AutomationComponent/Branches/AutomationController/Plugins/HMI/HMI_AUTOMATION_COMPONENT_COMMANDS.TcDUT","DUT","HMI_AUTOMATION_COMPONENT_COMMANDS","TYPE HMI_AUTOMATION_COMPONENT_COMMANDS : | STRUCT | 	Enable : BOOL; | 	Disable : BOOL; | 	 | 	Reset : BOOL;	 | END_STRUCT | END_TYPE","0","0"
"Sources/TwinCAT.OpenFramework.Automation/AutomationComponent/Branches/AutomationController/Plugins/HMI/HMI_AUTOMATION_COMPONENT_STATUSES.TcDUT","DUT","HMI_AUTOMATION_COMPONENT_STATUSES","TYPE HMI_AUTOMATION_COMPONENT_STATUSES : | STRUCT | 	Enabled : BOOL; |  | 	HasError : BOOL; | 	ErrorMessage : TOF_Core.ERROR_MESSAGE; | 	ErrorSource : STRING(255); | 	ErrorLocalTimestamp : LDATE_AND_TIME; | 	ErrorUtcTimestamp : LDATE_AND_TIME; |  | 	OperationalState : OPERATIONAL_STATE; | 	OperationalStateName : STRING; | 	OperationalStateReason : WSTRING(255); | END_STRUCT | END_TYPE","0","0"
"Sources/TwinCAT.OpenFramework.Automation/AutomationComponent/Branches/AutomationController/Plugins/HMI/HmiAutomationComponentElement.TcPOU","POU","HmiAutomationComponentElement","FUNCTION_BLOCK ABSTRACT HmiAutomationComponentElement | VAR_INPUT | 	AutomationComponentCommands : HMI_AUTOMATION_COMPONENT_COMMANDS; | END_VAR | VAR_OUTPUT | 	AutomationComponentStatuses : HMI_AUTOMATION_COMPONENT_STATUSES; | END_VAR","2","2"
"Sources/TwinCAT.OpenFramework.Automation/AutomationComponent/Branches/AutomationController/Plugins/IAutomationControllerPlugin.TcIO","Itf","IAutomationControllerPlugin","INTERFACE IAutomationControllerPlugin EXTENDS __SYSTEM.IQueryInterface","2","0"
"Sources/TwinCAT.OpenFramework.Automation/AutomationComponent/Branches/BranchAutomationComponent.TcPOU","POU","BranchAutomationComponent","FUNCTION_BLOCK ABSTRACT BranchAutomationComponent EXTENDS AutomationComponent IMPLEMENTS IParentAutomationComponent | VAR | 	{attribute 'hide'}  | 	_ActionPermissionPolicy : TOF_Core.IActionPermissionPolicy; | 	 | 	{attribute 'hide'}  | 	_ChildCriticalErrorHandlingPolicy : IChildCriticalErrorHandlingPolicy; | END_VAR","32","3"
"Sources/TwinCAT.OpenFramework.Automation/AutomationComponent/Branches/ChildCriticalErrorHandlingPolicies/CHILD_CRITICAL_ERROR_REACTION.TcDUT","DUT","CHILD_CRITICAL_ERROR_REACTION","{attribute 'qualified_only'} | {attribute 'to_string'} | TYPE CHILD_CRITICAL_ERROR_REACTION : | ( | 	SET_ERROR_AND_STOP, | 	SET_ERROR_AND_CONTINUE, | 	IGNORE | ); | END_TYPE","0","0"
"Sources/TwinCAT.OpenFramework.Automation/AutomationComponent/Branches/ChildCriticalErrorHandlingPolicies/ChildCriticalErrorHandlingPolicies.TcPOU","POU","ChildCriticalErrorHandlingPolicies","{attribute 'no_explicit_call' := 'do not call this function block directly'}  | PROGRAM ChildCriticalErrorHandlingPolicies | VAR | 	{attribute 'hide'}  | 	_ClassName : STRING := __POUNAME(); | 	 | 	{attribute 'hide'}  | 	_SetErrorAndStop : SetErrorAndStopAfterCriticalChildErrorHandlingPolicy;  | 	{attribute 'hide'}  | 	_SetErrorAndContinue : SetErrorAndContinueAfterChildCriticalErrorHandlingPolicy;  | 	{attribute 'hide'}  | 	_Ignore : IgnoreChildCriticalErrorHandlingPolicy;  | END_VAR","0","5"
"Sources/TwinCAT.OpenFramework.Automation/AutomationComponent/Branches/ChildCriticalErrorHandlingPolicies/IChildCriticalErrorHandlingPolicy.TcIO","Itf","IChildCriticalErrorHandlingPolicy","INTERFACE IChildCriticalErrorHandlingPolicy EXTENDS TOF_Core.IObject","1","0"
"Sources/TwinCAT.OpenFramework.Automation/AutomationComponent/Branches/ChildCriticalErrorHandlingPolicies/IgnoreChildCriticalErrorHandlingPolicy.TcPOU","POU","IgnoreChildCriticalErrorHandlingPolicy","{attribute 'no_explicit_call' := 'do not call this function block directly'}  | FUNCTION_BLOCK IgnoreChildCriticalErrorHandlingPolicy EXTENDS TOF_Core.Object IMPLEMENTS IChildCriticalErrorHandlingPolicy | VAR | 	{attribute 'hide'}  | 	_ClassName : STRING := __POUNAME(); | END_VAR","1","3"
"Sources/TwinCAT.OpenFramework.Automation/AutomationComponent/Branches/ChildCriticalErrorHandlingPolicies/SetErrorAndContinueAfterChildCriticalErrorHandlingPolicy.TcPOU","POU","SetErrorAndContinueAfterChildCriticalErrorHandlingPolicy","{attribute 'no_explicit_call' := 'do not call this function block directly'}  | FUNCTION_BLOCK SetErrorAndContinueAfterChildCriticalErrorHandlingPolicy EXTENDS TOF_Core.Object IMPLEMENTS IChildCriticalErrorHandlingPolicy | VAR | 	{attribute 'hide'}  | 	_ClassName : STRING := __POUNAME(); | END_VAR","1","3"
"Sources/TwinCAT.OpenFramework.Automation/AutomationComponent/Branches/ChildCriticalErrorHandlingPolicies/SetErrorAndStopAfterCriticalChildErrorHandlingPolicy.TcPOU","POU","SetErrorAndStopAfterCriticalChildErrorHandlingPolicy","{attribute 'no_explicit_call' := 'do not call this function block directly'}  | FUNCTION_BLOCK SetErrorAndStopAfterCriticalChildErrorHandlingPolicy EXTENDS TOF_Core.Object IMPLEMENTS IChildCriticalErrorHandlingPolicy | VAR | 	{attribute 'hide'}  | 	_ClassName : STRING := __POUNAME(); | END_VAR","1","3"
"Sources/TwinCAT.OpenFramework.Automation/AutomationComponent/Branches/Composite/CompositeAutomationComponent.TcPOU","POU","CompositeAutomationComponent","FUNCTION_BLOCK ABSTRACT CompositeAutomationComponent | VAR_GENERIC CONSTANT | 	{attribute 'hide'}  |     _ChildCount : TOF_Core.INT_LENGTH := 0; | END_VAR | EXTENDS BranchAutomationComponent IMPLEMENTS ICompositeAutomationComponent | VAR | 	{attribute 'hide'}  | 	_Parent : IParentAutomationComponent; | END_VAR","7","3"
"Sources/TwinCAT.OpenFramework.Automation/AutomationComponent/Branches/Composite/ICompositeAutomationComponent.TcIO","Itf","ICompositeAutomationComponent","INTERFACE ICompositeAutomationComponent EXTENDS IParentAutomationComponent, IChildAutomationComponent, IInputLeafAutomationComponent, IOutputLeafAutomationComponent","0","0"
"Sources/TwinCAT.OpenFramework.Automation/AutomationComponent/CommonSubInterfaces/IChildAutomationComponent.TcIO","Itf","IChildAutomationComponent","INTERFACE IChildAutomationComponent EXTENDS IAutomationComponent, TOF_Core.IBubbleEventDispatcher","0","1"
"Sources/TwinCAT.OpenFramework.Automation/AutomationComponent/CommonSubInterfaces/IInputLeafAutomationComponent.TcIO","Itf","IInputLeafAutomationComponent","INTERFACE IInputLeafAutomationComponent EXTENDS IChildAutomationComponent","1","0"
"Sources/TwinCAT.OpenFramework.Automation/AutomationComponent/CommonSubInterfaces/IOutputLeafAutomationComponent.TcIO","Itf","IOutputLeafAutomationComponent","INTERFACE IOutputLeafAutomationComponent EXTENDS IChildAutomationComponent","1","0"
"Sources/TwinCAT.OpenFramework.Automation/AutomationComponent/CommonSubInterfaces/IParentAutomationComponent.TcIO","Itf","IParentAutomationComponent","INTERFACE IParentAutomationComponent EXTENDS IAutomationComponent, TOF_Core.IBroadcastEventDispatcher, TOF_Core.IActionPermissionProvider","3","3"
"Sources/TwinCAT.OpenFramework.Automation/AutomationComponent/Enums/OPERATIONAL_STATE.TcDUT","DUT","OPERATIONAL_STATE","{attribute 'qualified_only'} | {attribute 'strict'} | {attribute 'to_string'} | TYPE OPERATIONAL_STATE : | ( | 	INITIALIZING := 0, // Start state for self and children initialization |     WORKING, // Normal working mode after successful initialization | 	STOPPED, // Recoverable stopped state. Entered after Stop or critical runtime error. Reset required to return to WORKING |     INVALID // Any error occured during initialization, final state | ); | END_TYPE","0","0"
"Sources/TwinCAT.OpenFramework.Automation/AutomationComponent/IAutomationComponent.TcIO","Itf","IAutomationComponent","INTERFACE IAutomationComponent EXTENDS TOF_Core.INamed, TOF_Core.IErrorProvider, TOF_Core.IExecutable","6","4"
"Sources/TwinCAT.OpenFramework.Automation/AutomationComponent/Leafs/Input/InputLeafAutomationComponent.TcPOU","POU","InputLeafAutomationComponent","FUNCTION_BLOCK ABSTRACT InputLeafAutomationComponent EXTENDS LeafAutomationComponent IMPLEMENTS IInputLeafAutomationComponent","2","0"
"Sources/TwinCAT.OpenFramework.Automation/AutomationComponent/Leafs/InputOutput/InputOutputLeafAutomationComponent.TcPOU","POU","InputOutputLeafAutomationComponent","FUNCTION_BLOCK ABSTRACT InputOutputLeafAutomationComponent EXTENDS LeafAutomationComponent IMPLEMENTS IInputLeafAutomationComponent, IOutputLeafAutomationComponent","4","0"
"Sources/TwinCAT.OpenFramework.Automation/AutomationComponent/Leafs/LeafAutomationComponent.TcPOU","POU","LeafAutomationComponent","FUNCTION_BLOCK ABSTRACT LeafAutomationComponent EXTENDS AutomationComponent IMPLEMENTS IChildAutomationComponent | VAR | 	{attribute 'hide'}  | 	_Parent : IParentAutomationComponent; | END_VAR","14","1"
"Sources/TwinCAT.OpenFramework.Automation/AutomationComponent/Leafs/Output/OutputLeafAutomationComponent.TcPOU","POU","OutputLeafAutomationComponent","FUNCTION_BLOCK ABSTRACT OutputLeafAutomationComponent EXTENDS LeafAutomationComponent IMPLEMENTS IOutputLeafAutomationComponent","2","0"
"Sources/TwinCAT.OpenFramework.Automation/AutomationRunner/AUTOMATION_RUNNER_STATE.TcDUT","DUT","AUTOMATION_RUNNER_STATE","{attribute 'qualified_only'} | {attribute 'strict'} | {attribute 'to_string'} | TYPE AUTOMATION_RUNNER_STATE : | ( | 	INITIALIZING := 0, // Start state, acts until at least one unit has not completed initialization |     RUNNING := 1, // Normal running             |     INVALID := 2 // Any initialization error occurred | ); | END_TYPE","0","0"
"Sources/TwinCAT.OpenFramework.Automation/AutomationRunner/AutomationRunner.TcPOU","POU","AutomationRunner","{attribute 'no_explicit_call' := 'do not call this function block directly'}  | FUNCTION_BLOCK AutomationRunner EXTENDS TOF_Core.Object IMPLEMENTS IAutomationRunner | VAR_OUTPUT | 	InitializationErrorMessage : TOF_Core.ERROR_MESSAGE; | END_VAR | VAR | 	{attribute 'hide'}  | 	_ClassName : STRING := __POUNAME(); |  | 	{attribute 'hide'}  | 	_State : AUTOMATION_RUNNER_STATE; | END_VAR | VAR_STAT | 	{attribute 'hide'}  |     _InstanceCounter : BYTE := 0; | END_VAR","2","7"
"Sources/TwinCAT.OpenFramework.Automation/AutomationRunner/IAutomationRunner.TcIO","Itf","IAutomationRunner","INTERFACE IAutomationRunner EXTENDS TOF_Core.IObject","1","4"
"Sources/TwinCAT.OpenFramework.Automation/GlobalState.TcGVL","GVL","GlobalState","{attribute 'qualified_only'} | VAR_GLOBAL | 	CodeExecutionPhase : BOOL; | 	CycleCounter : LWORD; | END_VAR","0","0"
"Sources/TwinCAT.OpenFramework.Automation/Internal/CurrentNamespace.TcPOU","POU","CurrentNamespace","{attribute 'no_explicit_call' := 'do not call this POU directly'} | PROGRAM INTERNAL CurrentNamespace | VAR | 	{attribute 'hide'}  | 	_NamespaceExtractor : NamespaceExtractor; | END_VAR","0","1"
"Sources/TwinCAT.OpenFramework.Automation/Internal/NamespaceExtractor.TcPOU","POU","NamespaceExtractor","FUNCTION_BLOCK INTERNAL NamespaceExtractor | VAR_OUTPUT | 	{attribute 'init_namespace'}  | 	CurrentNamespace : STRING; 	 | END_VAR","0","0"
"Sources/TwinCAT.OpenFramework.Automation/Parameters.TcGVL","GVL","Parameters","{attribute 'qualified_only'} | VAR_GLOBAL CONSTANT | 	InitializationTimeout : TIME := T#5S; | END_VAR","0","0"
"Sources/TwinCAT.OpenFramework.Automation/Simulatable/IChildConfigurableSimulatable.TcIO","Itf","IChildConfigurableSimulatable","INTERFACE IChildConfigurableSimulatable EXTENDS IChildSimulatable","1","0"
"Sources/TwinCAT.OpenFramework.Automation/Simulatable/IChildSimulatable.TcIO","Itf","IChildSimulatable","INTERFACE IChildSimulatable EXTENDS ISimulatable","0","1"
"Sources/TwinCAT.OpenFramework.Automation/Simulatable/IConfigurableSimulatable.TcIO","Itf","IConfigurableSimulatable","INTERFACE IConfigurableSimulatable EXTENDS ISimulatable","1","0"
"Sources/TwinCAT.OpenFramework.Automation/Simulatable/ISimulatable.TcIO","Itf","ISimulatable","INTERFACE ISimulatable EXTENDS TOF_Core.IObject","0","1"
"Sources/TwinCAT.OpenFramework.Automation/Simulatable/SIMULATION_MODE_OVERRIDE.TcDUT","DUT","SIMULATION_MODE_OVERRIDE","{attribute 'qualified_only'} | {attribute 'strict'} | {attribute 'to_string'} | TYPE SIMULATION_MODE_OVERRIDE : | ( | 	INHERITED := 0, | 	ON, | 	OFF | ); | END_TYPE","0","0"
"Sources/TwinCAT.OpenFramework.Automation/TwinCAT_OpenFramework_Automation.plcproj","Project","","","0","0"
"Sources/TwinCAT.OpenFramework.Automation/Version/Global_Version.TcGVL","GVL","Global_Version","{attribute 'TcGenerated'} | {attribute 'no-analysis'} | {attribute 'linkalways'} | // This function has been automatically generated from the project information. | VAR_GLOBAL CONSTANT | 	{attribute 'const_non_replaced'} | 	stLibVersion_TwinCAT_Open_Framework_Automation : ST_LibVersion := (iMajor := 1, iMinor := 0, iBuild := 10, iRevision := 0, nFlags := 0, sVersion := '1.0.10.0'); | END_VAR","0","0"
"Sources/TwinCAT.OpenFramework.Collections/ByteList/ByteList.TcPOU","POU","ByteList","{attribute 'no_explicit_call' := 'do not call this function block directly'}  | {attribute 'enable_dynamic_creation'} | // Collection of bytes of dynamic size | FUNCTION_BLOCK ByteList  | VAR_GENERIC CONSTANT | 	{attribute 'hide'}  |     _StaticCapacity : TOF_Core.DINT_LENGTH := 0; | END_VAR | EXTENDS TOF_Core.Object IMPLEMENTS IByteList | VAR_OUTPUT | 	DataAddress : POINTER TO BYTE; | END_VAR | VAR | 	{attribute 'hide'}  | 	_ClassName : STRING := __POUNAME(); | 	 | 	{attribute 'hide'}  | 	_StaticArray : ARRAY [0.._StaticCapacity - 1] OF BYTE; | 	 | 	{attribute 'hide'}  | 	_DynamicCapacity : TOF_Core.DINT_LENGTH; | 	{attribute 'hide'}  | 	_Length : DINT; | END_VAR","17","8"
"Sources/TwinCAT.OpenFramework.Collections/ByteList/ByteListEnumerator.TcPOU","POU","ByteListEnumerator","{attribute 'no_explicit_call' := 'do not call this function block directly'}  | {attribute 'enable_dynamic_creation'} | FUNCTION_BLOCK ByteListEnumerator EXTENDS TOF_Core.Object IMPLEMENTS TOF_Core.IEnumerator | VAR | 	{attribute 'hide'}  | 	_ClassName : STRING := __POUNAME(); | 	 | 	{attribute 'hide'}  | 	_List : IReadOnlyByteList; | 	{attribute 'hide'}  | 	_CurrentIndex : DINT := -1; | 	 | 	{attribute 'hide'}  | 	_CurrentByte : BYTE; | 	{attribute 'hide'}  | 	_GenericValue : TOF_Core.GENERIC_VALUE;	 | END_VAR","3","5"
"Sources/TwinCAT.OpenFramework.Collections/ByteList/IByteList.TcIO","Itf","IByteList","INTERFACE IByteList EXTENDS IReadOnlyByteList","11","0"
"Sources/TwinCAT.OpenFramework.Collections/ByteList/IReadOnlyByteList.TcIO","Itf","IReadOnlyByteList","INTERFACE IReadOnlyByteList EXTENDS ICollection","2","0"
"Sources/TwinCAT.OpenFramework.Collections/Dictionary/Dictionary.TcPOU","POU","Dictionary","{attribute 'no_explicit_call' := 'do not call this function block directly'}  | // Dynamic dictionary of pointers to key and value | FUNCTION_BLOCK Dictionary  | VAR_GENERIC CONSTANT |  	{attribute 'hide'}  |    _StaticCapacity : TOF_Core.DINT_LENGTH := 0; | END_VAR | EXTENDS TOF_Core.Object IMPLEMENTS IDictionary | VAR_INPUT | 	DefaultDynamicAllocationElemetCount : BYTE := 10;	 | END_VAR | VAR | 	{attribute 'hide'}  | 	_ClassName : STRING := __POUNAME(); |  | 	{attribute 'hide'}  | 	_KeyValidator : TOF_Core.IGenericValueValidator; | 	{attribute 'hide'}  | 	_ValueValidator : TOF_Core.IGenericValueValidator; |  | 	{attribute 'hide'}  | 	_Array : POINTER TO TOF_Core.GENERIC_KEY_VALUE_PAIR; | 	{attribute 'hide'}  | 	_StaticArray : ARRAY [0.._StaticCapacity - 1] OF TOF_Core.GENERIC_KEY_VALUE_PAIR; | 	 | 	{attribute 'hide'}  | 	_DynamicCapacity : TOF_Core.DINT_LENGTH; | 	{attribute 'hide'}  | 	_Length : TOF_Core.DINT_LENGTH; | END_VAR","18","10"
"Sources/TwinCAT.OpenFramework.Collections/Dictionary/DictionaryEnumerator.TcPOU","POU","DictionaryEnumerator","{attribute 'no_explicit_call' := 'do not call this function block directly'}  | {attribute 'enable_dynamic_creation'} | FUNCTION_BLOCK DictionaryEnumerator EXTENDS TOF_Core.Object IMPLEMENTS TOF_Core.IEnumerator | VAR | 	{attribute 'hide'}  | 	_ClassName : STRING := __POUNAME(); | 	 | 	{attribute 'hide'}  | 	_Dictionary : IReadOnlyDictionary; | 	{attribute 'hide'}  | 	_CurrentIndex : DINT := -1; | 	 | 	{attribute 'hide'}  | 	_GenericKeyValuePair : TOF_Core.GENERIC_KEY_VALUE_PAIR; | 	{attribute 'hide'}  | 	_GenericValue : TOF_Core.GENERIC_VALUE;	 | END_VAR","3","5"
"Sources/TwinCAT.OpenFramework.Collections/Dictionary/IDictionary.TcIO","Itf","IDictionary","INTERFACE IDictionary EXTENDS IReadOnlyDictionary","6","2"
"Sources/TwinCAT.OpenFramework.Collections/Dictionary/IReadOnlyDictionary.TcIO","Itf","IReadOnlyDictionary","INTERFACE IReadOnlyDictionary EXTENDS ICollection","7","0"
"Sources/TwinCAT.OpenFramework.Collections/ICollection.TcIO","Itf","ICollection","INTERFACE ICollection EXTENDS TOF_Core.IEnumerable","0","5"
"Sources/TwinCAT.OpenFramework.Collections/Internal/CurrentNamespace.TcPOU","POU","CurrentNamespace","{attribute 'no_explicit_call' := 'do not call this POU directly'} | PROGRAM INTERNAL CurrentNamespace | VAR | 	{attribute 'hide'}  | 	_NamespaceExtractor : NamespaceExtractor; | END_VAR","0","1"
"Sources/TwinCAT.OpenFramework.Collections/Internal/NamespaceExtractor.TcPOU","POU","NamespaceExtractor","FUNCTION_BLOCK INTERNAL NamespaceExtractor | VAR_OUTPUT | 	{attribute 'init_namespace'}  | 	CurrentNamespace : STRING;	 | END_VAR","0","0"
"Sources/TwinCAT.OpenFramework.Collections/List/IList.TcIO","Itf","IList","INTERFACE IList EXTENDS IReadOnlyList","10","2"
"Sources/TwinCAT.OpenFramework.Collections/List/IReadOnlyList.TcIO","Itf","IReadOnlyList","INTERFACE IReadOnlyList EXTENDS ICollection","6","1"
"Sources/TwinCAT.OpenFramework.Collections/List/List.TcPOU","POU","List","{attribute 'no_explicit_call' := 'do not call this function block directly'}  | FUNCTION_BLOCK List  | VAR_GENERIC CONSTANT |  	{attribute 'hide'}  |    _StaticCapacity : TOF_Core.DINT_LENGTH := 0; | END_VAR | EXTENDS TOF_Core.Object IMPLEMENTS IList | VAR_INPUT | 	DefaultDynamicAllocationElemetCount : BYTE := 10;	 | END_VAR | VAR | 	{attribute 'hide'}  | 	_ClassName : STRING := __POUNAME(); |  | 	{attribute 'hide'}  | 	_ValueValidator : TOF_Core.IGenericValueValidator; |  | 	{attribute 'hide'}  | 	_Array : POINTER TO TOF_Core.GENERIC_VALUE; | 	{attribute 'hide'}  | 	_StaticArray : ARRAY [0.._StaticCapacity - 1] OF TOF_Core.GENERIC_VALUE; | 	 | 	{attribute 'hide'}  | 	_DynamicCapacity : TOF_Core.DINT_LENGTH; | 	{attribute 'hide'}  | 	_Length : TOF_Core.DINT_LENGTH; | END_VAR","21","9"
"Sources/TwinCAT.OpenFramework.Collections/List/ListEnumerator.TcPOU","POU","ListEnumerator","{attribute 'no_explicit_call' := 'do not call this function block directly'}  | {attribute 'enable_dynamic_creation'} | FUNCTION_BLOCK ListEnumerator EXTENDS TOF_Core.Object IMPLEMENTS TOF_Core.IEnumerator | VAR | 	{attribute 'hide'}  | 	_ClassName : STRING := __POUNAME(); | 	 | 	{attribute 'hide'}  | 	_List : IReadOnlyList; | 	{attribute 'hide'}  | 	_CurrentIndex : DINT := -1; | 	 | 	{attribute 'hide'}  | 	_GenericValue : TOF_Core.GENERIC_VALUE;	 | END_VAR","3","4"
"Sources/TwinCAT.OpenFramework.Collections/Queue/IQueue.TcIO","Itf","IQueue","INTERFACE IQueue EXTENDS IReadOnlyQueue","4","1"
"Sources/TwinCAT.OpenFramework.Collections/Queue/IReadOnlyQueue.TcIO","Itf","IReadOnlyQueue","INTERFACE IReadOnlyQueue EXTENDS ICollection","4","0"
"Sources/TwinCAT.OpenFramework.Collections/Queue/Queue.TcPOU","POU","Queue","{attribute 'no_explicit_call' := 'do not call this function block directly'}  | FUNCTION_BLOCK FINAL Queue  | VAR_GENERIC CONSTANT | 	{attribute 'hide'}  |     _StaticCapacity : TOF_Core.DINT_LENGTH := 10; | END_VAR | EXTENDS TOF_Core.Object IMPLEMENTS IQueue | VAR_INPUT | 	DefaultDynamicAllocationElemetCount : BYTE := 10;	 | END_VAR | VAR	 | 	{attribute 'hide'}  | 	_ClassName : STRING := __POUNAME(); | 	 | 	{attribute 'hide'}  | 	_ValueValidator : TOF_Core.IGenericValueValidator; |  | 	{attribute 'hide'}  | 	_Array : POINTER TO TOF_Core.GENERIC_VALUE; | 	{attribute 'hide'}  | 	_StaticArray : ARRAY [0.._StaticCapacity - 1] OF TOF_Core.GENERIC_VALUE; | 	 | 	{attribute 'hide'}  | 	_DynamicCapacity : TOF_Core.DINT_LENGTH; | 	{attribute 'hide'}  | 	_Length : TOF_Core.DINT_LENGTH; | END_VAR","12","9"
"Sources/TwinCAT.OpenFramework.Collections/Queue/StaticEnumerator.TcPOU","POU","StaticEnumerator","{attribute 'no_explicit_call' := 'do not call this function block directly'}  | {attribute 'enable_dynamic_creation'} | FUNCTION_BLOCK StaticEnumerator EXTENDS TOF_Core.Object IMPLEMENTS TOF_Core.IEnumerator | VAR | 	{attribute 'hide'}  | 	_ClassName : STRING := __POUNAME(); | 	 | 	{attribute 'hide'}  | 	_Queue : IReadOnlyQueue; | 	{attribute 'hide'}  | 	_CurrentIndex : DINT := -1; | 	 | 	{attribute 'hide'}  | 	_GenericValue : TOF_Core.GENERIC_VALUE; | END_VAR","3","4"
"Sources/TwinCAT.OpenFramework.Collections/TwinCAT_OpenFramework_Collections.plcproj","Project","","","0","0"
"Sources/TwinCAT.OpenFramework.Collections/UniqueDataSet/IReadOnlyUniqueDataSet.TcIO","Itf","IReadOnlyUniqueDataSet","INTERFACE IReadOnlyUniqueDataSet EXTENDS ICollection","5","0"
"Sources/TwinCAT.OpenFramework.Collections/UniqueDataSet/IUniqueDataSet.TcIO","Itf","IUniqueDataSet","INTERFACE IUniqueDataSet EXTENDS IReadOnlyUniqueDataSet","6","1"
"Sources/TwinCAT.OpenFramework.Collections/UniqueDataSet/UniqueDataSet.TcPOU","POU","UniqueDataSet","{attribute 'no_explicit_call' := 'do not call this function block directly'}  | FUNCTION_BLOCK UniqueDataSet  | VAR_GENERIC CONSTANT | 	{attribute 'hide'}  |     _StaticCapacity : TOF_Core.DINT_LENGTH := 0; | END_VAR | EXTENDS TOF_Core.Object IMPLEMENTS IUniqueDataSet | VAR_INPUT | 	DefaultDynamicAllocationElemetCount : BYTE := 10;	 | END_VAR | VAR | 	{attribute 'hide'}  | 	_ClassName : STRING := __POUNAME(); |  | 	{attribute 'hide'}  | 	_ValueValidator : TOF_Core.IGenericValueValidator; |  | 	{attribute 'hide'}  | 	_Array : POINTER TO TOF_Core.GENERIC_VALUE; | 	{attribute 'hide'}  | 	_StaticArray : ARRAY [0.._StaticCapacity - 1] OF TOF_Core.GENERIC_VALUE; | 	 | 	{attribute 'hide'}  | 	_DynamicCapacity : TOF_Core.DINT_LENGTH; | 	{attribute 'hide'}  | 	_Length : TOF_Core.DINT_LENGTH; | END_VAR","16","9"
"Sources/TwinCAT.OpenFramework.Collections/UniqueDataSet/UniqueDataSetEnumerator.TcPOU","POU","UniqueDataSetEnumerator","{attribute 'no_explicit_call' := 'do not call this function block directly'}  | {attribute 'enable_dynamic_creation'} | FUNCTION_BLOCK UniqueDataSetEnumerator EXTENDS TOF_Core.Object IMPLEMENTS TOF_Core.IEnumerator | VAR | 	{attribute 'hide'}  | 	_ClassName : STRING := __POUNAME(); | 	 | 	{attribute 'hide'}  | 	_UniqueSet : IReadOnlyUniqueDataSet; | 	{attribute 'hide'}  | 	_CurrentIndex : DINT := -1; | 	 | 	{attribute 'hide'}  | 	_GenericValue : TOF_Core.GENERIC_VALUE; | END_VAR","3","4"
"Sources/TwinCAT.OpenFramework.Collections/Version/Global_Version.TcGVL","GVL","Global_Version","{attribute 'TcGenerated'} | {attribute 'no-analysis'} | {attribute 'linkalways'} | // This function has been automatically generated from the project information. | VAR_GLOBAL CONSTANT | 	{attribute 'const_non_replaced'} | 	stLibVersion_TwinCAT_Open_Framework_Collections : ST_LibVersion := (iMajor := 1, iMinor := 0, iBuild := 10, iRevision := 0, nFlags := 0, sVersion := '1.0.10.0'); | END_VAR","0","0"
"Sources/TwinCAT.OpenFramework.Comparision/Comparers/StandardComparers.TcPOU","POU","StandardComparers","PROGRAM StandardComparers | VAR_OUTPUT | 	BoolComparer : BoolComparer; | 	SIntComparer : SIntComparer; | 	USIntComparer : USIntComparer; | 	IntComparer : IntComparer; | 	UIntComparer : UIntComparer; | 	DIntComparer : DIntComparer; | 	UDIntComparer : UDIntComparer; | 	LIntComparer : LIntComparer; | 	ULIntComparer : ULIntComparer; | 	RealComparer : RealComparer; | 	LRealComparer : LRealComparer;		 | 	StringComparer : StringComparer; | 	WStringComparer : WStringComparer; | 	TimeComparer : TimeComparer; | 	LTimeComparer : LTimeComparer; | 	DateComparer : DateComparer; | 	LDateComparer : LDateComparer; | 	DateAndTimeComparer : DateAndTimeComparer; | 	LDateAndTimeComparer : DateAndTimeComparer; | 	TimeOfDayComparer : TimeOfDayComparer;	 | 	LTimeOfDayComparer : LTimeOfDayComparer;	 | 	ByteArrayComparer : ByteArrayComparer; | 	PointerComparer : PointerComparer;	 | END_VAR | VAR | 	{attribute 'hide'}  | 	_ClassName : STRING := __POUNAME(); | END_VAR","1","2"
"Sources/TwinCAT.OpenFramework.Comparision/Comparers/StandardComparers/BoolComparer.TcPOU","POU","BoolComparer","FUNCTION_BLOCK BoolComparer EXTENDS TOF_Core.Object IMPLEMENTS TOF_Core.IComparer | VAR | 	{attribute 'hide'}  | 	_ClassName : STRING := __POUNAME(); | END_VAR","1","3"
"Sources/TwinCAT.OpenFramework.Comparision/Comparers/StandardComparers/ByteArrayComparer.TcPOU","POU","ByteArrayComparer","FUNCTION_BLOCK ByteArrayComparer EXTENDS TOF_Core.Object IMPLEMENTS TOF_Core.IComparer | VAR | 	{attribute 'hide'}  | 	_ClassName : STRING := __POUNAME(); | END_VAR","1","3"
"Sources/TwinCAT.OpenFramework.Comparision/Comparers/StandardComparers/DateAndTimeComparer.TcPOU","POU","DateAndTimeComparer","FUNCTION_BLOCK DateAndTimeComparer EXTENDS TOF_Core.Object IMPLEMENTS TOF_Core.IComparer | VAR | 	{attribute 'hide'}  | 	_ClassName : STRING := __POUNAME(); | END_VAR","1","3"
"Sources/TwinCAT.OpenFramework.Comparision/Comparers/StandardComparers/DateComparer.TcPOU","POU","DateComparer","FUNCTION_BLOCK DateComparer EXTENDS TOF_Core.Object IMPLEMENTS TOF_Core.IComparer | VAR | 	{attribute 'hide'}  | 	_ClassName : STRING := __POUNAME(); | END_VAR","1","3"
"Sources/TwinCAT.OpenFramework.Comparision/Comparers/StandardComparers/DIntComparer.TcPOU","POU","DIntComparer","FUNCTION_BLOCK DIntComparer EXTENDS TOF_Core.Object IMPLEMENTS TOF_Core.IComparer | VAR | 	{attribute 'hide'}  | 	_ClassName : STRING := __POUNAME(); | END_VAR","1","3"
"Sources/TwinCAT.OpenFramework.Comparision/Comparers/StandardComparers/IntComparer.TcPOU","POU","IntComparer","FUNCTION_BLOCK IntComparer EXTENDS TOF_Core.Object IMPLEMENTS TOF_Core.IComparer | VAR | 	{attribute 'hide'}  | 	_ClassName : STRING := __POUNAME(); | END_VAR","1","3"
"Sources/TwinCAT.OpenFramework.Comparision/Comparers/StandardComparers/LDateAndTimeComparer.TcPOU","POU","LDateAndTimeComparer","FUNCTION_BLOCK LDateAndTimeComparer EXTENDS TOF_Core.Object IMPLEMENTS TOF_Core.IComparer | VAR | 	{attribute 'hide'}  | 	_ClassName : STRING := __POUNAME(); | END_VAR","1","3"
"Sources/TwinCAT.OpenFramework.Comparision/Comparers/StandardComparers/LDateComparer.TcPOU","POU","LDateComparer","FUNCTION_BLOCK LDateComparer EXTENDS TOF_Core.Object IMPLEMENTS TOF_Core.IComparer | VAR | 	{attribute 'hide'}  | 	_ClassName : STRING := __POUNAME(); | END_VAR","1","3"
"Sources/TwinCAT.OpenFramework.Comparision/Comparers/StandardComparers/LIntComparer.TcPOU","POU","LIntComparer","FUNCTION_BLOCK LIntComparer EXTENDS TOF_Core.Object IMPLEMENTS TOF_Core.IComparer | VAR | 	{attribute 'hide'}  | 	_ClassName : STRING := __POUNAME(); | END_VAR","1","3"
"Sources/TwinCAT.OpenFramework.Comparision/Comparers/StandardComparers/LRealComparer.TcPOU","POU","LRealComparer","FUNCTION_BLOCK LRealComparer EXTENDS TOF_Core.Object IMPLEMENTS TOF_Core.IComparer | VAR | 	{attribute 'hide'}  | 	_ClassName : STRING := __POUNAME(); | END_VAR","1","3"
"Sources/TwinCAT.OpenFramework.Comparision/Comparers/StandardComparers/LTimeComparer.TcPOU","POU","LTimeComparer","FUNCTION_BLOCK LTimeComparer EXTENDS TOF_Core.Object IMPLEMENTS TOF_Core.IComparer | VAR | 	{attribute 'hide'}  | 	_ClassName : STRING := __POUNAME(); | END_VAR","1","3"
"Sources/TwinCAT.OpenFramework.Comparision/Comparers/StandardComparers/LTimeOfDayComparer.TcPOU","POU","LTimeOfDayComparer","FUNCTION_BLOCK LTimeOfDayComparer EXTENDS TOF_Core.Object IMPLEMENTS TOF_Core.IComparer | VAR | 	{attribute 'hide'}  | 	_ClassName : STRING := __POUNAME(); | END_VAR","1","3"
"Sources/TwinCAT.OpenFramework.Comparision/Comparers/StandardComparers/PointerComparer.TcPOU","POU","PointerComparer","FUNCTION_BLOCK PointerComparer EXTENDS TOF_Core.Object IMPLEMENTS TOF_Core.IComparer | VAR | 	{attribute 'hide'}  | 	_ClassName : STRING := __POUNAME(); | END_VAR","1","3"
"Sources/TwinCAT.OpenFramework.Comparision/Comparers/StandardComparers/RealComparer.TcPOU","POU","RealComparer","FUNCTION_BLOCK RealComparer EXTENDS TOF_Core.Object IMPLEMENTS TOF_Core.IComparer | VAR | 	{attribute 'hide'}  | 	_ClassName : STRING := __POUNAME(); | END_VAR","1","3"
"Sources/TwinCAT.OpenFramework.Comparision/Comparers/StandardComparers/SIntComparer.TcPOU","POU","SIntComparer","FUNCTION_BLOCK SIntComparer EXTENDS TOF_Core.Object IMPLEMENTS TOF_Core.IComparer | VAR | 	{attribute 'hide'}  | 	_ClassName : STRING := __POUNAME(); | END_VAR","1","3"
"Sources/TwinCAT.OpenFramework.Comparision/Comparers/StandardComparers/StringComparer.TcPOU","POU","StringComparer","FUNCTION_BLOCK StringComparer EXTENDS TOF_Core.Object IMPLEMENTS TOF_Core.IComparer | VAR | 	{attribute 'hide'}  | 	_ClassName : STRING := __POUNAME(); | END_VAR","1","3"
"Sources/TwinCAT.OpenFramework.Comparision/Comparers/StandardComparers/TimeComparer.TcPOU","POU","TimeComparer","FUNCTION_BLOCK TimeComparer EXTENDS TOF_Core.Object IMPLEMENTS TOF_Core.IComparer | VAR | 	{attribute 'hide'}  | 	_ClassName : STRING := __POUNAME(); | END_VAR","1","3"
"Sources/TwinCAT.OpenFramework.Comparision/Comparers/StandardComparers/TimeOfDayComparer.TcPOU","POU","TimeOfDayComparer","FUNCTION_BLOCK TimeOfDayComparer EXTENDS TOF_Core.Object IMPLEMENTS TOF_Core.IComparer | VAR | 	{attribute 'hide'}  | 	_ClassName : STRING := __POUNAME(); | END_VAR","1","3"
"Sources/TwinCAT.OpenFramework.Comparision/Comparers/StandardComparers/UDIntComparer.TcPOU","POU","UDIntComparer","FUNCTION_BLOCK UDIntComparer EXTENDS TOF_Core.Object IMPLEMENTS TOF_Core.IComparer | VAR | 	{attribute 'hide'}  | 	_ClassName : STRING := __POUNAME(); | END_VAR","1","3"
"Sources/TwinCAT.OpenFramework.Comparision/Comparers/StandardComparers/UIntComparer.TcPOU","POU","UIntComparer","FUNCTION_BLOCK UIntComparer EXTENDS TOF_Core.Object IMPLEMENTS TOF_Core.IComparer | VAR | 	{attribute 'hide'}  | 	_ClassName : STRING := __POUNAME(); | END_VAR","1","3"
"Sources/TwinCAT.OpenFramework.Comparision/Comparers/StandardComparers/ULIntComparer.TcPOU","POU","ULIntComparer","FUNCTION_BLOCK ULIntComparer EXTENDS TOF_Core.Object IMPLEMENTS TOF_Core.IComparer | VAR | 	{attribute 'hide'}  | 	_ClassName : STRING := __POUNAME(); | END_VAR","1","3"
"Sources/TwinCAT.OpenFramework.Comparision/Comparers/StandardComparers/USIntComparer.TcPOU","POU","USIntComparer","FUNCTION_BLOCK USIntComparer EXTENDS TOF_Core.Object IMPLEMENTS TOF_Core.IComparer | VAR | 	{attribute 'hide'}  | 	_ClassName : STRING := __POUNAME(); | END_VAR","1","3"
"Sources/TwinCAT.OpenFramework.Comparision/Comparers/StandardComparers/WStringComparer.TcPOU","POU","WStringComparer","FUNCTION_BLOCK WStringComparer EXTENDS TOF_Core.Object IMPLEMENTS TOF_Core.IComparer | VAR | 	{attribute 'hide'}  | 	_ClassName : STRING := __POUNAME(); | END_VAR","1","3"
"Sources/TwinCAT.OpenFramework.Comparision/Internal/CurrentNamespace.TcPOU","POU","CurrentNamespace","{attribute 'no_explicit_call' := 'do not call this POU directly'} | PROGRAM INTERNAL CurrentNamespace | VAR | 	{attribute 'hide'}  | 	_NamespaceExtractor : NamespaceExtractor; | END_VAR","0","1"
"Sources/TwinCAT.OpenFramework.Comparision/Internal/NamespaceExtractor.TcPOU","POU","NamespaceExtractor","FUNCTION_BLOCK INTERNAL NamespaceExtractor | VAR_OUTPUT | 	{attribute 'init_namespace'}  | 	CurrentNamespace : STRING;	 | END_VAR","0","0"
"Sources/TwinCAT.OpenFramework.Comparision/Predicates/IdenticalDataPredicate.TcPOU","POU","IdenticalDataPredicate","FUNCTION_BLOCK IdenticalDataPredicate EXTENDS TOF_Core.Object IMPLEMENTS TOF_Core.IPredicate | VAR | 	{attribute 'hide'}  | 	_ClassName : STRING := __POUNAME(); | 	 | 	{attribute 'hide'}  | 	_ReferenceValue : TOF_Core.GENERIC_VALUE; | END_VAR","4","4"
"Sources/TwinCAT.OpenFramework.Comparision/Predicates/SameDataPredicate.TcPOU","POU","SameDataPredicate","FUNCTION_BLOCK SameDataPredicate EXTENDS TOF_Core.Object IMPLEMENTS TOF_Core.IPredicate | VAR | 	{attribute 'hide'}  | 	_ClassName : STRING := __POUNAME(); | 	 | 	{attribute 'hide'}  | 	_ReferenceValue : TOF_Core.GENERIC_VALUE; | END_VAR","4","4"
"Sources/TwinCAT.OpenFramework.Comparision/TwinCAT_OpenFramework_Comparision.plcproj","Project","","","0","0"
"Sources/TwinCAT.OpenFramework.Comparision/Version/Global_Version.TcGVL","GVL","Global_Version","{attribute 'TcGenerated'} | {attribute 'no-analysis'} | {attribute 'linkalways'} | // This function has been automatically generated from the project information. | VAR_GLOBAL CONSTANT | 	{attribute 'const_non_replaced'} | 	stLibVersion_TwinCAT_Open_Framework_Comparision : ST_LibVersion := (iMajor := 1, iMinor := 0, iBuild := 10, iRevision := 0, nFlags := 0, sVersion := '1.0.10.0'); | END_VAR","0","0"
"Sources/TwinCAT.OpenFramework.Core/Interfaces/Comparision/IComparable.TcIO","Itf","IComparable","INTERFACE IComparable EXTENDS __System.IQueryInterface","1","0"
"Sources/TwinCAT.OpenFramework.Core/Interfaces/Comparision/IComparer.TcIO","Itf","IComparer","INTERFACE IComparer EXTENDS IObject","1","0"
"Sources/TwinCAT.OpenFramework.Core/Interfaces/Comparision/IEquatable.TcIO","Itf","IEquatable","INTERFACE IEquatable EXTENDS __System.IQueryInterface","1","0"
"Sources/TwinCAT.OpenFramework.Core/Interfaces/Comparision/IPredicate.TcIO","Itf","IPredicate","INTERFACE IPredicate EXTENDS IObject","1","0"
"Sources/TwinCAT.OpenFramework.Core/Interfaces/Enumeration/IEnumerable.TcIO","Itf","IEnumerable","INTERFACE IEnumerable EXTENDS IObject","1","0"
"Sources/TwinCAT.OpenFramework.Core/Interfaces/Enumeration/IEnumerator.TcIO","Itf","IEnumerator","INTERFACE IEnumerator EXTENDS IObject","2","1"
"Sources/TwinCAT.OpenFramework.Core/Interfaces/ICloneable.TcIO","Itf","ICloneable","INTERFACE ICloneable EXTENDS __System.IQueryInterface","1","0"
"Sources/TwinCAT.OpenFramework.Core/Interfaces/IErrorProvider.TcIO","Itf","IErrorProvider","INTERFACE IErrorProvider EXTENDS IObject","0","2"
"Sources/TwinCAT.OpenFramework.Core/Interfaces/IExecutable.TcIO","Itf","IExecutable","INTERFACE IExecutable EXTENDS IObject","1","0"
"Sources/TwinCAT.OpenFramework.Core/Interfaces/IIOBindable.TcIO","Itf","IIOBindable","INTERFACE IIOBindable EXTENDS IObject","0","1"
"Sources/TwinCAT.OpenFramework.Core/Interfaces/INamed.TcIO","Itf","INamed","INTERFACE INamed EXTENDS IObject","0","1"
"Sources/TwinCAT.OpenFramework.Core/Interfaces/IObject.TcIO","Itf","IObject","INTERFACE IObject EXTENDS __SYSTEM.IQueryInterface","3","5"
"Sources/TwinCAT.OpenFramework.Core/Interfaces/Resources/IResourceManager.TcIO","Itf","IResourceManager","INTERFACE IResourceManager EXTENDS IObject","3","1"
"Sources/TwinCAT.OpenFramework.Core/Internal/CurrentNamespace.TcPOU","POU","CurrentNamespace","{attribute 'no_explicit_call' := 'do not call this POU directly'} | PROGRAM INTERNAL CurrentNamespace | VAR | 	{attribute 'hide'}  | 	_NamespaceExtractor : NamespaceExtractor; | END_VAR","0","1"
"Sources/TwinCAT.OpenFramework.Core/Internal/NamespaceExtractor.TcPOU","POU","NamespaceExtractor","FUNCTION_BLOCK INTERNAL NamespaceExtractor | VAR_OUTPUT | 	{attribute 'init_namespace'}  | 	CurrentNamespace : STRING;	 | END_VAR","0","0"
"Sources/TwinCAT.OpenFramework.Core/Objects/Actions/ActionPermissions/Policies/ActionPermissionsPolicies.TcPOU","POU","ActionPermissionsPolicies","{attribute 'no_explicit_call' := 'do not call this function block directly'}  | PROGRAM ActionPermissionsPolicies | VAR | 	{attribute 'hide'}  | 	_ClassName : STRING := __POUNAME(); | 	 | 	{attribute 'hide'}  | 	_AllowAll : AllowAllActionsPermissionsPolicy;  | 	{attribute 'hide'}  | 	_DenyAll : DenyAllActionsPermissionsPolicy;  | END_VAR","0","4"
"Sources/TwinCAT.OpenFramework.Core/Objects/Actions/ActionPermissions/Policies/AllowAllActionsPermissionsPolicy.TcPOU","POU","AllowAllActionsPermissionsPolicy","{attribute 'no_explicit_call' := 'do not call this function block directly'}  | FUNCTION_BLOCK AllowAllActionsPermissionsPolicy EXTENDS Object IMPLEMENTS IActionPermissionPolicy | VAR | 	{attribute 'hide'}  | 	_ClassName : STRING := __POUNAME(); | END_VAR","1","3"
"Sources/TwinCAT.OpenFramework.Core/Objects/Actions/ActionPermissions/Policies/DenyAllActionsPermissionsPolicy.TcPOU","POU","DenyAllActionsPermissionsPolicy","{attribute 'no_explicit_call' := 'do not call this function block directly'}  | FUNCTION_BLOCK DenyAllActionsPermissionsPolicy EXTENDS Object IMPLEMENTS IActionPermissionPolicy | VAR | 	{attribute 'hide'}  | 	_ClassName : STRING := __POUNAME(); | END_VAR","1","3"
"Sources/TwinCAT.OpenFramework.Core/Objects/Actions/ActionPermissions/Policies/IActionPermissionPolicy.TcIO","Itf","IActionPermissionPolicy","INTERFACE IActionPermissionPolicy EXTENDS IObject","1","0"
"Sources/TwinCAT.OpenFramework.Core/Objects/Actions/ActionPermissions/Providers/IActionPermissionProvider.TcIO","Itf","IActionPermissionProvider","INTERFACE IActionPermissionProvider EXTENDS IObject","1","0"
"Sources/TwinCAT.OpenFramework.Core/Objects/Actions/SimpleActionDescriptor.TcPOU","POU","SimpleActionDescriptor","{attribute 'no_explicit_call' := 'do not call this function block directly'}  | FUNCTION_BLOCK SimpleActionDescriptor EXTENDS Object IMPLEMENTS INamed | VAR | 	{attribute 'hide'}  | 	_ClassName : STRING := __POUNAME(); | 	 | 	{attribute 'hide'}  | 	_Name : WSTRING; | END_VAR","1","4"
"Sources/TwinCAT.OpenFramework.Core/Objects/Events/Dispatchers/IBroadcastEventDispatcher.TcIO","Itf","IBroadcastEventDispatcher","INTERFACE IBroadcastEventDispatcher EXTENDS IObject","1","0"
"Sources/TwinCAT.OpenFramework.Core/Objects/Events/Dispatchers/IBubbleEventDispatcher.TcIO","Itf","IBubbleEventDispatcher","INTERFACE IBubbleEventDispatcher EXTENDS IObject","1","0"
"Sources/TwinCAT.OpenFramework.Core/Objects/Events/Dispatchers/IEventDispatcher.TcIO","Itf","IEventDispatcher","INTERFACE IEventDispatcher EXTENDS IBubbleEventDispatcher, IBroadcastEventDispatcher","0","0"
"Sources/TwinCAT.OpenFramework.Core/Objects/Events/Event.TcPOU","POU","Event","{attribute 'no_explicit_call' := 'do not call this function block directly'}  | FUNCTION_BLOCK ABSTRACT Event EXTENDS Object IMPLEMENTS IEvent | VAR | 	{attribute 'hide'}  | 	_SourceObject : IObject; | 	 | 	{attribute 'hide'}  | 	_Handled : BOOL; | END_VAR","2","2"
"Sources/TwinCAT.OpenFramework.Core/Objects/Events/IEvent.TcIO","Itf","IEvent","INTERFACE IEvent EXTENDS IObject","1","2"
"Sources/TwinCAT.OpenFramework.Core/Objects/Events/SimpleEvent.TcPOU","POU","SimpleEvent","{attribute 'no_explicit_call' := 'do not call this function block directly'}  | FUNCTION_BLOCK SimpleEvent EXTENDS Event IMPLEMENTS INamed | VAR | 	{attribute 'hide'}  | 	_ClassName : STRING := __POUNAME(); |  | 	{attribute 'hide'}  | 	_Name : WSTRING; | END_VAR","1","4"
"Sources/TwinCAT.OpenFramework.Core/Objects/Exceptions/Aggregate/AggregateException.TcPOU","POU","AggregateException","{attribute 'enable_dynamic_creation'}	 | {attribute 'no_explicit_call' := 'do not call this function block directly'}  | FUNCTION_BLOCK AggregateException EXTENDS Exception IMPLEMENTS IAggregateException | VAR | 	{attribute 'hide'}  | 	_ClassName : STRING := __POUNAME(); | 	 | 	_InnerExceptions : POINTER TO IException; | 	{attribute 'hide'}  | 	_InnerExceptionCount : UINT; | END_VAR","10","5"
"Sources/TwinCAT.OpenFramework.Core/Objects/Exceptions/Aggregate/IAggregateException.TcIO","Itf","IAggregateException","INTERFACE IAggregateException EXTENDS IException","3","1"
"Sources/TwinCAT.OpenFramework.Core/Objects/Exceptions/Empty/EmptyException.TcPOU","POU","EmptyException","{attribute 'enable_dynamic_creation'}	 | {attribute 'no_explicit_call' := 'do not call this function block directly'}  | FUNCTION_BLOCK EmptyException EXTENDS Exception IMPLEMENTS IEmptyException | VAR | 	{attribute 'hide'}  | 	_ClassName : STRING := __POUNAME(); | END_VAR","4","5"
"Sources/TwinCAT.OpenFramework.Core/Objects/Exceptions/Empty/IEmptyException.TcIO","Itf","IEmptyException","INTERFACE IEmptyException EXTENDS IException","0","0"
"Sources/TwinCAT.OpenFramework.Core/Objects/Exceptions/Exception.TcPOU","POU","Exception","{attribute 'enable_dynamic_creation'}	 | {attribute 'no_explicit_call' := 'do not call this function block directly'}  | FUNCTION_BLOCK ABSTRACT Exception EXTENDS Object IMPLEMENTS IException | VAR | 	_SourceFullPOUName : STRING(128); | 	_SourcePosition : STRING(32); | 	_LocalTimestamp : LDATE_AND_TIME;	 | 	_UtcTimestamp : LDATE_AND_TIME;	 | 	 | 	_AutoDisposeRegistrar : AutoDisposeRegistrar(THIS^); | END_VAR","11","5"
"Sources/TwinCAT.OpenFramework.Core/Objects/Exceptions/ExceptionManager.TcPOU","POU","ExceptionManager","{attribute 'no_explicit_call' := 'do not call this function block directly'}  | PROGRAM ExceptionManager | VAR | 	{attribute 'hide'}  | 	_ClassName : STRING := __POUNAME(); |  | 	_Exception : IException; | 	_SystemException : SystemException; | END_VAR","4","2"
"Sources/TwinCAT.OpenFramework.Core/Objects/Exceptions/Exceptions.TcPOU","POU","Exceptions","PROGRAM Exceptions | VAR_OUTPUT CONSTANT | 	UNSPECIFIED_POU : WSTRING(17) := ""<unspecified POU>""; | 	MESSAGE_NUMBER_PREFIX : WSTRING(1) := ""#""; | 	MESSAGE_NUMBER_SUFFIX : WSTRING(2) := "": ""; | 	TIME_PREFIX : WSTRING(4) := "" at ""; | 	SOURCE_PREFIX : WSTRING(4) := "" in ""; | 	ERROR_CODE_PREFIX : WSTRING(13) := "", error code "";	 | 	SOURCE_POSITION_PREFIX : WSTRING(1) := "" "";	 | 	INNER_MESSAGE_PREFIX : WSTRING(4) := "" -> ""; | 	AGGREGATE_EXCEPTION_SUFFIX : WSTRING(25) := "" aggregated exceptions""; | 	UNSPECIFIED_SOURCE : STRING(13) := '<unspecified>'; | 	LOG_CATEGORY_PREFIXES : ARRAY [LOG_CATEGORY.DEBUG..LOG_CATEGORY.CRITICAL_ERROR] OF STRING(1) := ['D', 'I', 'W', 'E', 'C']; | END_VAR | VAR | 	{attribute 'hide'}  | 	_ClassName : STRING := __POUNAME(); | END_VAR","0","2"
"Sources/TwinCAT.OpenFramework.Core/Objects/Exceptions/General/Argument/NotSpecified/ArgumentNotSpecifiedException.TcPOU","POU","ArgumentNotSpecifiedException","{attribute 'enable_dynamic_creation'}	 | {attribute 'no_explicit_call' := 'do not call this function block directly'}  | FUNCTION_BLOCK ArgumentNotSpecifiedException EXTENDS GeneralException IMPLEMENTS IArgumentNotSpecifiedException | VAR | 	{attribute 'hide'}  | 	_ClassName : STRING := __POUNAME(); | END_VAR","2","3"
"Sources/TwinCAT.OpenFramework.Core/Objects/Exceptions/General/Argument/NotSpecified/IArgumentNotSpecifiedException.TcIO","Itf","IArgumentNotSpecifiedException","INTERFACE IArgumentNotSpecifiedException EXTENDS IGeneralException","1","0"
"Sources/TwinCAT.OpenFramework.Core/Objects/Exceptions/General/Argument/OutOfRange/ArgumentOutOfRangeException.TcPOU","POU","ArgumentOutOfRangeException","{attribute 'enable_dynamic_creation'}	 | {attribute 'no_explicit_call' := 'do not call this function block directly'}  | FUNCTION_BLOCK ArgumentOutOfRangeException EXTENDS GeneralException IMPLEMENTS IArgumentOutOfRangeException | VAR | 	{attribute 'hide'}  | 	_ClassName : STRING := __POUNAME(); | END_VAR","2","3"
"Sources/TwinCAT.OpenFramework.Core/Objects/Exceptions/General/Argument/OutOfRange/IArgumentOutOfRangeException.TcIO","Itf","IArgumentOutOfRangeException","INTERFACE IArgumentOutOfRangeException EXTENDS IGeneralException","1","0"
"Sources/TwinCAT.OpenFramework.Core/Objects/Exceptions/General/Argument/TypeClassNotSupported/ArgumentTypeClassNotSupportedException.TcPOU","POU","ArgumentTypeClassNotSupportedException","{attribute 'enable_dynamic_creation'}	 | {attribute 'no_explicit_call' := 'do not call this function block directly'}  | FUNCTION_BLOCK ArgumentTypeClassNotSupportedException EXTENDS GeneralException IMPLEMENTS IArgumentTypeClassNotSupportedException | VAR | 	{attribute 'hide'}  | 	_ClassName : STRING := __POUNAME(); | END_VAR","2","3"
"Sources/TwinCAT.OpenFramework.Core/Objects/Exceptions/General/Argument/TypeClassNotSupported/IArgumentTypeClassNotSupportedException.TcIO","Itf","IArgumentTypeClassNotSupportedException","INTERFACE IArgumentTypeClassNotSupportedException EXTENDS IGeneralException","1","0"
"Sources/TwinCAT.OpenFramework.Core/Objects/Exceptions/General/Argument/TypeNotSupported/ArgumentTypeNotSupportedException.TcPOU","POU","ArgumentTypeNotSupportedException","{attribute 'enable_dynamic_creation'}	 | {attribute 'no_explicit_call' := 'do not call this function block directly'}  | FUNCTION_BLOCK ArgumentTypeNotSupportedException EXTENDS GeneralException IMPLEMENTS IArgumentTypeNotSupportedException | VAR | 	{attribute 'hide'}  | 	_ClassName : STRING := __POUNAME(); | END_VAR","2","3"
"Sources/TwinCAT.OpenFramework.Core/Objects/Exceptions/General/Argument/TypeNotSupported/IArgumentTypeNotSupportedException.TcIO","Itf","IArgumentTypeNotSupportedException","INTERFACE IArgumentTypeNotSupportedException EXTENDS IGeneralException","1","0"
"Sources/TwinCAT.OpenFramework.Core/Objects/Exceptions/General/Argument/ValueNotSupported/ArgumentValueNotSupportedException.TcPOU","POU","ArgumentValueNotSupportedException","{attribute 'enable_dynamic_creation'}	 | {attribute 'no_explicit_call' := 'do not call this function block directly'}  | FUNCTION_BLOCK ArgumentValueNotSupportedException EXTENDS GeneralException IMPLEMENTS IArgumentValueNotSupportedException | VAR | 	{attribute 'hide'}  | 	_ClassName : STRING := __POUNAME(); | END_VAR","2","3"
"Sources/TwinCAT.OpenFramework.Core/Objects/Exceptions/General/Argument/ValueNotSupported/IArgumentValueNotSupportedException.TcIO","Itf","IArgumentValueNotSupportedException","INTERFACE IArgumentValueNotSupportedException EXTENDS IGeneralException","1","0"
"Sources/TwinCAT.OpenFramework.Core/Objects/Exceptions/General/DataMember/NotSpecified/DataMemberNotSpecifiedException.TcPOU","POU","DataMemberNotSpecifiedException","{attribute 'enable_dynamic_creation'}	 | {attribute 'no_explicit_call' := 'do not call this function block directly'}  | FUNCTION_BLOCK DataMemberNotSpecifiedException EXTENDS GeneralException IMPLEMENTS IDataMemberNotSpecifiedException | VAR | 	{attribute 'hide'}  | 	_ClassName : STRING := __POUNAME(); | END_VAR","2","3"
"Sources/TwinCAT.OpenFramework.Core/Objects/Exceptions/General/DataMember/NotSpecified/IDataMemberNotSpecifiedException.TcIO","Itf","IDataMemberNotSpecifiedException","INTERFACE IDataMemberNotSpecifiedException EXTENDS IGeneralException","1","0"
"Sources/TwinCAT.OpenFramework.Core/Objects/Exceptions/General/DataMember/OutOfRange/DataMemberOutOfRangeException.TcPOU","POU","DataMemberOutOfRangeException","{attribute 'enable_dynamic_creation'}	 | {attribute 'no_explicit_call' := 'do not call this function block directly'}  | FUNCTION_BLOCK DataMemberOutOfRangeException EXTENDS GeneralException IMPLEMENTS IDataMemberOutOfRangeException | VAR | 	{attribute 'hide'}  | 	_ClassName : STRING := __POUNAME(); | END_VAR","2","3"
"Sources/TwinCAT.OpenFramework.Core/Objects/Exceptions/General/DataMember/OutOfRange/IDataMemberOutOfRangeException.TcIO","Itf","IDataMemberOutOfRangeException","INTERFACE IDataMemberOutOfRangeException EXTENDS IGeneralException","1","0"
"Sources/TwinCAT.OpenFramework.Core/Objects/Exceptions/General/DataMember/TypeClassNotSupported/DataMemberTypeClassNotSupportedException.TcPOU","POU","DataMemberTypeClassNotSupportedException","{attribute 'enable_dynamic_creation'}	 | {attribute 'no_explicit_call' := 'do not call this function block directly'}  | FUNCTION_BLOCK DataMemberTypeClassNotSupportedException EXTENDS GeneralException IMPLEMENTS IDataMemberTypeClassNotSupportedException | VAR | 	{attribute 'hide'}  | 	_ClassName : STRING := __POUNAME(); | END_VAR","2","3"
"Sources/TwinCAT.OpenFramework.Core/Objects/Exceptions/General/DataMember/TypeClassNotSupported/IDataMemberTypeClassNotSupportedException.TcIO","Itf","IDataMemberTypeClassNotSupportedException","INTERFACE IDataMemberTypeClassNotSupportedException EXTENDS IGeneralException","1","0"
"Sources/TwinCAT.OpenFramework.Core/Objects/Exceptions/General/DataMember/TypeNotSupported/DataMemberTypeNotSupportedException.TcPOU","POU","DataMemberTypeNotSupportedException","{attribute 'enable_dynamic_creation'}	 | {attribute 'no_explicit_call' := 'do not call this function block directly'}  | FUNCTION_BLOCK DataMemberTypeNotSupportedException EXTENDS GeneralException IMPLEMENTS IDataMemberTypeNotSupportedException | VAR | 	{attribute 'hide'}  | 	_ClassName : STRING := __POUNAME(); | END_VAR","2","3"
"Sources/TwinCAT.OpenFramework.Core/Objects/Exceptions/General/DataMember/TypeNotSupported/IDataMemberTypeNotSupportedException.TcIO","Itf","IDataMemberTypeNotSupportedException","INTERFACE IDataMemberTypeNotSupportedException EXTENDS IGeneralException","1","0"
"Sources/TwinCAT.OpenFramework.Core/Objects/Exceptions/General/DataMember/ValueNotSupported/DataMemberValueNotSupportedException.TcPOU","POU","DataMemberValueNotSupportedException","{attribute 'enable_dynamic_creation'}	 | {attribute 'no_explicit_call' := 'do not call this function block directly'}  | FUNCTION_BLOCK DataMemberValueNotSupportedException EXTENDS GeneralException IMPLEMENTS IDataMemberValueNotSupportedException | VAR | 	{attribute 'hide'}  | 	_ClassName : STRING := __POUNAME(); | END_VAR","2","3"
"Sources/TwinCAT.OpenFramework.Core/Objects/Exceptions/General/DataMember/ValueNotSupported/IDataMemberValueNotSupportedException.TcIO","Itf","IDataMemberValueNotSupportedException","INTERFACE IDataMemberValueNotSupportedException EXTENDS IGeneralException","1","0"
"Sources/TwinCAT.OpenFramework.Core/Objects/Exceptions/General/GeneralException.TcPOU","POU","GeneralException","{attribute 'enable_dynamic_creation'}	 | {attribute 'no_explicit_call' := 'do not call this function block directly'}  | FUNCTION_BLOCK ABSTRACT GeneralException EXTENDS Exception IMPLEMENTS IGeneralException | VAR | 	{attribute 'hide'}  | 	_ErrorCode : UDINT; | 	 | 	{attribute 'hide'}  | 	_InnerException : IException; |  | 	{attribute 'hide'}  | 	_SourceMessage : ERROR_MESSAGE; | END_VAR","6","4"
"Sources/TwinCAT.OpenFramework.Core/Objects/Exceptions/General/GenericValues/ConversionNotSupported/GenericConversionNotSupportedException.TcPOU","POU","GenericConversionNotSupportedException","{attribute 'enable_dynamic_creation'}	 | {attribute 'no_explicit_call' := 'do not call this function block directly'}  | FUNCTION_BLOCK GenericConversionNotSupportedException EXTENDS GeneralException IMPLEMENTS IGenericConversionNotSupportedException | VAR | 	{attribute 'hide'}  | 	_ClassName : STRING := __POUNAME(); | END_VAR","2","3"
"Sources/TwinCAT.OpenFramework.Core/Objects/Exceptions/General/GenericValues/ConversionNotSupported/IGenericConversionNotSupportedException.TcIO","Itf","IGenericConversionNotSupportedException","INTERFACE IGenericConversionNotSupportedException EXTENDS IGeneralException","1","0"
"Sources/TwinCAT.OpenFramework.Core/Objects/Exceptions/General/GenericValues/IncompartibleValueType/IIncompartibleGenericValueTypeException.TcIO","Itf","IIncompartibleGenericValueTypeException","INTERFACE IIncompartibleGenericValueTypeException EXTENDS IGeneralException","1","0"
"Sources/TwinCAT.OpenFramework.Core/Objects/Exceptions/General/GenericValues/IncompartibleValueType/IncompartibleGenericValueTypeException.TcPOU","POU","IncompartibleGenericValueTypeException","{attribute 'enable_dynamic_creation'}	 | {attribute 'no_explicit_call' := 'do not call this function block directly'}  | FUNCTION_BLOCK IncompartibleGenericValueTypeException EXTENDS GeneralException IMPLEMENTS IIncompartibleGenericValueTypeException | VAR | 	{attribute 'hide'}  | 	_ClassName : STRING := __POUNAME(); | END_VAR","2","3"
"Sources/TwinCAT.OpenFramework.Core/Objects/Exceptions/General/GenericValues/StringOwerflow/IStringOwerflowException.TcIO","Itf","IStringOwerflowException","INTERFACE IStringOwerflowException EXTENDS IGeneralException","1","0"
"Sources/TwinCAT.OpenFramework.Core/Objects/Exceptions/General/GenericValues/StringOwerflow/StringOwerflowException.TcPOU","POU","StringOwerflowException","{attribute 'enable_dynamic_creation'}	 | {attribute 'no_explicit_call' := 'do not call this function block directly'}  | FUNCTION_BLOCK StringOwerflowException EXTENDS GeneralException IMPLEMENTS IStringOwerflowException | VAR | 	{attribute 'hide'}  | 	_ClassName : STRING := __POUNAME(); | END_VAR","2","3"
"Sources/TwinCAT.OpenFramework.Core/Objects/Exceptions/General/IGeneralException.TcIO","Itf","IGeneralException","INTERFACE IGeneralException EXTENDS IException","1","3"
"Sources/TwinCAT.OpenFramework.Core/Objects/Exceptions/General/Initialization/ClassInitializationException.TcPOU","POU","ClassInitializationException","{attribute 'enable_dynamic_creation'}	 | {attribute 'no_explicit_call' := 'do not call this function block directly'}  | FUNCTION_BLOCK ClassInitializationException EXTENDS GeneralException IMPLEMENTS IClassInitializationException | VAR | 	{attribute 'hide'}  | 	_ClassName : STRING := __POUNAME(); | END_VAR","2","3"
"Sources/TwinCAT.OpenFramework.Core/Objects/Exceptions/General/Initialization/IClassInitializationException.TcIO","Itf","IClassInitializationException","INTERFACE IClassInitializationException EXTENDS IGeneralException","1","0"
"Sources/TwinCAT.OpenFramework.Core/Objects/Exceptions/General/Memory/CollectionEmpty/CollectionEmptyException.TcPOU","POU","CollectionEmptyException","{attribute 'enable_dynamic_creation'}	 | {attribute 'no_explicit_call' := 'do not call this function block directly'}  | FUNCTION_BLOCK CollectionEmptyException EXTENDS GeneralException IMPLEMENTS ICollectionEmptyException | VAR | 	{attribute 'hide'}  | 	_ClassName : STRING := __POUNAME(); | END_VAR","2","3"
"Sources/TwinCAT.OpenFramework.Core/Objects/Exceptions/General/Memory/CollectionEmpty/ICollectionEmptyException.TcIO","Itf","ICollectionEmptyException","INTERFACE ICollectionEmptyException EXTENDS IGeneralException","1","0"
"Sources/TwinCAT.OpenFramework.Core/Objects/Exceptions/General/Memory/StaticCollectionFull/IStaticCollectionFullException.TcIO","Itf","IStaticCollectionFullException","INTERFACE IStaticCollectionFullException EXTENDS IGeneralException","1","0"
"Sources/TwinCAT.OpenFramework.Core/Objects/Exceptions/General/Memory/StaticCollectionFull/StaticCollectionFullException.TcPOU","POU","StaticCollectionFullException","{attribute 'enable_dynamic_creation'}	 | {attribute 'no_explicit_call' := 'do not call this function block directly'}  | FUNCTION_BLOCK StaticCollectionFullException EXTENDS GeneralException IMPLEMENTS IStaticCollectionFullException | VAR | 	{attribute 'hide'}  | 	_ClassName : STRING := __POUNAME(); | END_VAR","2","3"
"Sources/TwinCAT.OpenFramework.Core/Objects/Exceptions/General/Memory/TargetVariableMemoryOverflow/ITargetVariableMemoryOverflowException.TcIO","Itf","ITargetVariableMemoryOverflowException","INTERFACE ITargetVariableMemoryOverflowException EXTENDS IGeneralException","1","0"
"Sources/TwinCAT.OpenFramework.Core/Objects/Exceptions/General/Memory/TargetVariableMemoryOverflow/TargetVariableMemoryOverflowException.TcPOU","POU","TargetVariableMemoryOverflowException","{attribute 'enable_dynamic_creation'}	 | {attribute 'no_explicit_call' := 'do not call this function block directly'}  | FUNCTION_BLOCK TargetVariableMemoryOverflowException EXTENDS GeneralException IMPLEMENTS ITargetVariableMemoryOverflowException | VAR | 	{attribute 'hide'}  | 	_ClassName : STRING := __POUNAME(); | END_VAR","2","3"
"Sources/TwinCAT.OpenFramework.Core/Objects/Exceptions/General/NotImplemented/INotImplementedException.TcIO","Itf","INotImplementedException","INTERFACE INotImplementedException EXTENDS IGeneralException","1","0"
"Sources/TwinCAT.OpenFramework.Core/Objects/Exceptions/General/NotImplemented/NotImplementedException.TcPOU","POU","NotImplementedException","{attribute 'enable_dynamic_creation'}	 | {attribute 'no_explicit_call' := 'do not call this function block directly'}  | FUNCTION_BLOCK NotImplementedException EXTENDS GeneralException IMPLEMENTS INotImplementedException | VAR | 	{attribute 'hide'}  | 	_ClassName : STRING := __POUNAME(); | END_VAR","2","3"
"Sources/TwinCAT.OpenFramework.Core/Objects/Exceptions/General/NotSupported/INotSupportedException.TcIO","Itf","INotSupportedException","INTERFACE INotSupportedException EXTENDS IGeneralException","1","0"
"Sources/TwinCAT.OpenFramework.Core/Objects/Exceptions/General/NotSupported/NotSupportedException.TcPOU","POU","NotSupportedException","{attribute 'enable_dynamic_creation'}	 | {attribute 'no_explicit_call' := 'do not call this function block directly'}  | FUNCTION_BLOCK NotSupportedException EXTENDS GeneralException IMPLEMENTS INotSupportedException | VAR | 	{attribute 'hide'}  | 	_ClassName : STRING := __POUNAME(); | END_VAR","2","3"
"Sources/TwinCAT.OpenFramework.Core/Objects/Exceptions/General/NullReference/INullReferenceException.TcIO","Itf","INullReferenceException","INTERFACE INullReferenceException EXTENDS IGeneralException","1","0"
"Sources/TwinCAT.OpenFramework.Core/Objects/Exceptions/General/NullReference/NullReferenceException.TcPOU","POU","NullReferenceException","{attribute 'enable_dynamic_creation'}	 | {attribute 'no_explicit_call' := 'do not call this function block directly'}  | FUNCTION_BLOCK NullReferenceException EXTENDS GeneralException IMPLEMENTS INullReferenceException | VAR | 	{attribute 'hide'}  | 	_ClassName : STRING := __POUNAME(); | END_VAR","2","3"
"Sources/TwinCAT.OpenFramework.Core/Objects/Exceptions/General/Standard/IStandardException.TcIO","Itf","IStandardException","INTERFACE IStandardException EXTENDS IGeneralException","1","0"
"Sources/TwinCAT.OpenFramework.Core/Objects/Exceptions/General/Standard/StandardException.TcPOU","POU","StandardException","{attribute 'enable_dynamic_creation'}	 | {attribute 'no_explicit_call' := 'do not call this function block directly'}  | FUNCTION_BLOCK StandardException EXTENDS GeneralException IMPLEMENTS IStandardException | VAR | 	{attribute 'hide'}  | 	_ClassName : STRING := __POUNAME(); | END_VAR","2","3"
"Sources/TwinCAT.OpenFramework.Core/Objects/Exceptions/General/Timeout/ITimeoutException.TcIO","Itf","ITimeoutException","INTERFACE ITimeoutException EXTENDS IGeneralException","1","0"
"Sources/TwinCAT.OpenFramework.Core/Objects/Exceptions/General/Timeout/TimeoutException.TcPOU","POU","TimeoutException","{attribute 'enable_dynamic_creation'}	 | {attribute 'no_explicit_call' := 'do not call this function block directly'}  | FUNCTION_BLOCK TimeoutException EXTENDS GeneralException IMPLEMENTS ITimeoutException | VAR | 	{attribute 'hide'}  | 	_ClassName : STRING := __POUNAME(); | END_VAR","2","3"
"Sources/TwinCAT.OpenFramework.Core/Objects/Exceptions/HandlingPolicies/EXCEPTION_REACTION.TcDUT","DUT","EXCEPTION_REACTION","{attribute 'qualified_only'} | {attribute 'to_string'} | TYPE EXCEPTION_REACTION : | ( | 	SET_ERROR_AND_STOP, | 	SET_ERROR_AND_CONTINUE, | 	IGNORE | ); | END_TYPE","0","0"
"Sources/TwinCAT.OpenFramework.Core/Objects/Exceptions/HandlingPolicies/ExceptionHandlingPolicies.TcPOU","POU","ExceptionHandlingPolicies","{attribute 'no_explicit_call' := 'do not call this function block directly'}  | PROGRAM ExceptionHandlingPolicies | VAR | 	{attribute 'hide'}  | 	_ClassName : STRING := __POUNAME(); | 	 | 	{attribute 'hide'}  | 	_SetErrorAndStop : SetErrorAndStopExceptionHandlingPolicy;  | 	{attribute 'hide'}  | 	_SetErrorAndContinue : SetErrorAndContinueExceptionHandlingPolicy;  | 	{attribute 'hide'}  | 	_Ignore : IgnoreExceptionHandlingPolicy;  | END_VAR","0","5"
"Sources/TwinCAT.OpenFramework.Core/Objects/Exceptions/HandlingPolicies/IExceptionHandlingPolicy.TcIO","Itf","IExceptionHandlingPolicy","INTERFACE IExceptionHandlingPolicy EXTENDS IObject","1","0"
"Sources/TwinCAT.OpenFramework.Core/Objects/Exceptions/HandlingPolicies/IgnoreExceptionHandlingPolicy.TcPOU","POU","IgnoreExceptionHandlingPolicy","{attribute 'no_explicit_call' := 'do not call this function block directly'}  | FUNCTION_BLOCK IgnoreExceptionHandlingPolicy EXTENDS Object IMPLEMENTS IExceptionHandlingPolicy | VAR | 	{attribute 'hide'}  | 	_ClassName : STRING := __POUNAME(); | END_VAR","1","3"
"Sources/TwinCAT.OpenFramework.Core/Objects/Exceptions/HandlingPolicies/SetErrorAndContinueExceptionHandlingPolicy.TcPOU","POU","SetErrorAndContinueExceptionHandlingPolicy","{attribute 'no_explicit_call' := 'do not call this function block directly'}  | FUNCTION_BLOCK SetErrorAndContinueExceptionHandlingPolicy EXTENDS Object IMPLEMENTS IExceptionHandlingPolicy | VAR | 	{attribute 'hide'}  | 	_ClassName : STRING := __POUNAME(); | END_VAR","1","3"
"Sources/TwinCAT.OpenFramework.Core/Objects/Exceptions/HandlingPolicies/SetErrorAndStopExceptionHandlingPolicy.TcPOU","POU","SetErrorAndStopExceptionHandlingPolicy","{attribute 'no_explicit_call' := 'do not call this function block directly'}  | FUNCTION_BLOCK SetErrorAndStopExceptionHandlingPolicy EXTENDS Object IMPLEMENTS IExceptionHandlingPolicy | VAR | 	{attribute 'hide'}  | 	_ClassName : STRING := __POUNAME(); | END_VAR","1","3"
"Sources/TwinCAT.OpenFramework.Core/Objects/Exceptions/IException.TcIO","Itf","IException","INTERFACE IException EXTENDS IReadOnlyException","1","0"
"Sources/TwinCAT.OpenFramework.Core/Objects/Exceptions/IExceptionHandler.TcIO","Itf","IExceptionHandler","INTERFACE IExceptionHandler EXTENDS IObject","1","0"
"Sources/TwinCAT.OpenFramework.Core/Objects/Exceptions/IReadOnlyException.TcIO","Itf","IReadOnlyException","INTERFACE IReadOnlyException EXTENDS IObject, ICloneable","4","5"
"Sources/TwinCAT.OpenFramework.Core/Objects/Exceptions/System/ISystemException.TcIO","Itf","ISystemException","INTERFACE ISystemException EXTENDS IException","0","1"
"Sources/TwinCAT.OpenFramework.Core/Objects/Exceptions/System/SystemException.TcPOU","POU","SystemException","{attribute 'enable_dynamic_creation'}	 | {attribute 'no_explicit_call' := 'do not call this function block directly'}  | FUNCTION_BLOCK SystemException EXTENDS Object IMPLEMENTS IException | VAR | 	{attribute 'hide'}  | 	_ClassName : STRING := __POUNAME(); |  | 	{attribute 'hide'}  | 	_ExceptionCode : __SYSTEM.ExceptionCode; | 	{attribute 'hide'} 	 | 	_CatchPointNamespaceName : STRING; | 	{attribute 'hide'}  | 	_CatchPointPOUName : STRING; | 	{attribute 'hide'}  | 	_CatchPointPosition : STRING; | 	 | 	{attribute 'hide'}  | 	_UnspecifiedPOU : STRING(128); |  | 	{attribute 'hide'}  | 	_UnspecifiedPosition : STRING(32); | END_VAR","9","10"
"Sources/TwinCAT.OpenFramework.Core/Objects/Object.TcPOU","POU","Object","{attribute 'no_explicit_call' := 'Direct call is not allowed'}  | FUNCTION_BLOCK ABSTRACT Object IMPLEMENTS IObject","7","5"
"Sources/TwinCAT.OpenFramework.Core/Objects/Objects.TcPOU","POU","Objects","{attribute 'no_explicit_call' := 'do not call this function block directly'}  | PROGRAM Objects | VAR | 	{attribute 'hide'}  | 	_ClassName : STRING := __POUNAME(); | END_VAR","2","2"
"Sources/TwinCAT.OpenFramework.Core/Primitives/Bits.TcPOU","POU","Bits","{attribute 'no_explicit_call' := 'do not call this function block directly'}  | PROGRAM Bits | VAR | 	{attribute 'hide'}  | 	_ClassName : STRING := __POUNAME(); | END_VAR","4","2"
"Sources/TwinCAT.OpenFramework.Core/Primitives/Bytes.TcPOU","POU","Bytes","{attribute 'no_explicit_call' := 'do not call this function block directly'}  | PROGRAM Bytes | VAR | 	{attribute 'hide'}  | 	_ClassName : STRING := __POUNAME(); | END_VAR","5","2"
"Sources/TwinCAT.OpenFramework.Core/Primitives/DateAndTime/DateAndTimes.TcPOU","POU","DateAndTimes","{attribute 'no_explicit_call' := 'Direct call is not allowed'}  | PROGRAM DateAndTimes | VAR CONSTANT | 	MIN_VALUE : DATE_AND_TIME := DT#1970-1-1-0:0:0; | 	MAX_VALUE : DATE_AND_TIME := DT#2106-02-07-06:28:15; | END_VAR | VAR | 	{attribute 'hide'}  | 	_ClassName : STRING := __POUNAME(); | END_VAR","2","2"
"Sources/TwinCAT.OpenFramework.Core/Primitives/DateAndTime/LongDateAndTimes.TcPOU","POU","LongDateAndTimes","{attribute 'no_explicit_call' := 'Direct call is not allowed'}  | PROGRAM LongDateAndTimes | VAR CONSTANT | 	MIN_VALUE : LDATE_AND_TIME := LDT#1970-1-1-0:0:0; | 	MAX_VALUE : LDATE_AND_TIME := LDT#2554-7-21-23:34:33.709551615; | END_VAR | VAR | 	{attribute 'hide'}  | 	_ClassName : STRING := __POUNAME(); | END_VAR","2","2"
"Sources/TwinCAT.OpenFramework.Core/Primitives/Enums/COMPARISION_RESULT.TcDUT","DUT","COMPARISION_RESULT","{attribute 'qualified_only'} | {attribute 'strict'} | {attribute 'to_string'} | TYPE COMPARISION_RESULT : | ( | 	FIRST_LESS_THAN_SECOND := -1, | 	FIRST_EQUAL_TO_SECOND := 0, | 	FIRST_GREATER_THAN_SECOND := 1 | ) SINT; | END_TYPE","0","0"
"Sources/TwinCAT.OpenFramework.Core/Primitives/Enums/DIRECTION_TYPE.TcDUT","DUT","DIRECTION_TYPE","{attribute 'qualified_only'} | {attribute 'strict'} | {attribute 'to_string'} | TYPE DIRECTION_TYPE : | ( | 	NEGATIVE := -1, | 	UNDEFINED := 0, | 	POSITIVE := 1 | ) SINT; | END_TYPE","0","0"
"Sources/TwinCAT.OpenFramework.Core/Primitives/Enums/ERROR_SEVERITY.TcDUT","DUT","ERROR_SEVERITY","{attribute 'qualified_only'} | {attribute 'strict'} | {attribute 'to_string'} | TYPE ERROR_SEVERITY : | ( | 	ERROR := 0, | 	CRITICAL | ); | END_TYPE","0","0"
"Sources/TwinCAT.OpenFramework.Core/Primitives/Enums/ERROR_SOURCE_DISPLAY_MODE.TcDUT","DUT","ERROR_SOURCE_DISPLAY_MODE","{attribute 'qualified_only'} | {attribute 'strict'} | {attribute 'to_string'} | TYPE ERROR_SOURCE_DISPLAY_MODE : | ( | 	HIDDEN := 0, | 	TOP,  | 	TOP_AND_ROOT | ); | END_TYPE","0","0"
"Sources/TwinCAT.OpenFramework.Core/Primitives/Enums/GENERIC_TYPE_CLASS.TcDUT","DUT","GENERIC_TYPE_CLASS","{attribute 'qualified_only'} | {attribute 'strict'} | {attribute 'to_string'} | TYPE GENERIC_TYPE_CLASS : | ( | 	UNSPECIFIED := 0, |     BOOLEAN, |     INT_8, |     INT_16, |     INT_32, |     INT_64, |     UINT_8, |     UINT_16, |     UINT_32, |     UINT_64, |     REAL_32, |     REAL_64, |     STRING_ASCII, |     STRING_UTF16, |     TIME_32, |     TIME_64, |     DATE_32, |     DATE_64, |     DATE_AND_TIME_32, |     DATE_AND_TIME_64, |     TIME_OF_DAY_32, |     TIME_OF_DAY_64, |     POINTER_TO, |     USER_DEFINED, |     OBJECT | ) BYTE; | END_TYPE","0","0"
"Sources/TwinCAT.OpenFramework.Core/Primitives/Enums/LOAD_STATE.TcDUT","DUT","LOAD_STATE","{attribute 'qualified_only'} | {attribute 'strict'} | {attribute 'to_string'} | TYPE LOAD_STATE : | ( | 	NOT_LOADED, | 	LOADING, | 	LOADED, | 	FAILED | ); | END_TYPE","0","0"
"Sources/TwinCAT.OpenFramework.Core/Primitives/Enums/POINTER_TYPE.TcDUT","DUT","POINTER_TYPE","{attribute 'qualified_only'} | {attribute 'strict'} | {attribute 'to_string'} | TYPE POINTER_TYPE : | ( | 	BOOL_POINTER := 1, | 	BYTE_POINTER := 2, | 	WORD_POINTER := 3, | 	DWORD_POINTER := 4, | 	LWORD_POINTER := 5, | 	SINT_POINTER := 6, | 	USINT_POINTER := 7, | 	INT_POINTER := 8, | 	UINT_POINTER := 9, | 	DINT_POINTER := 10, | 	UDINT_POINTER := 11, | 	LINT_POINTER := 12, | 	ULINT_POINTER := 13,	 | 	XINT_POINTER := 14,  | 	XWORD_POINTER := 15,	 | 	UXINT_POINTER := 16,  | 	REAL_POINTER := 17, | 	LREAL_POINTER := 18, | 	STRING_POINTER := 19, | 	WSTRING_POINTER := 20, | 	TIME_POINTER := 21, | 	LTIME_POINTER := 22, | 	DATE_POINTER := 23, | 	DATE_AND_TIME_POINTER := 24, | 	LDATE_AND_TIME_POINTER := 25, | 	TIME_OF_DAY_POINTER := 26, | 	LTIME_OF_DAY_POINTER := 27, | 	UNTYPED_POINTER := 28, | 	OBJECT_POINTER := 29 | ) BYTE; | END_TYPE","0","0"
"Sources/TwinCAT.OpenFramework.Core/Primitives/Enums/SEARCH_DIRECTION.TcDUT","DUT","SEARCH_DIRECTION","{attribute 'qualified_only'} | {attribute 'strict'} | {attribute 'to_string'} | TYPE SEARCH_DIRECTION : | ( | 	FROM_BEGINNING, | 	FROM_END | ); | END_TYPE","0","0"
"Sources/TwinCAT.OpenFramework.Core/Primitives/Enums/SORT_DIRECTION.TcDUT","DUT","SORT_DIRECTION","{attribute 'qualified_only'} | {attribute 'strict'} | {attribute 'to_string'} | TYPE SORT_DIRECTION : | ( | 	ASCENDING, | 	DESCENDING | ); | END_TYPE","0","0"
"Sources/TwinCAT.OpenFramework.Core/Primitives/Enums/TIMESTAMP_DISPLAY_MODE.TcDUT","DUT","TIMESTAMP_DISPLAY_MODE","{attribute 'qualified_only'} | {attribute 'strict'} | {attribute 'to_string'} | TYPE TIMESTAMP_DISPLAY_MODE : | ( | 	HIDDEN := 0, | 	LOCAL,  | 	UTC | ); | END_TYPE","0","0"
"Sources/TwinCAT.OpenFramework.Core/Primitives/Enums/TRIM_MODE.TcDUT","DUT","TRIM_MODE","{attribute 'qualified_only'} | {attribute 'strict'} | {attribute 'to_string'} | TYPE TRIM_MODE : | ( | 	LEFT_AND_RIGHT := 0, | 	LEFT, | 	RIGHT | ); | END_TYPE","0","0"
"Sources/TwinCAT.OpenFramework.Core/Primitives/Errors/ERROR.TcPOU","POU","ERROR","{attribute 'no_explicit_call' := 'do not call this function block directly'}  | FUNCTION_BLOCK FINAL ERROR EXTENDS READ_ONLY_ERROR","3","0"
"Sources/TwinCAT.OpenFramework.Core/Primitives/Errors/READ_ONLY_ERROR.TcPOU","POU","READ_ONLY_ERROR","{attribute 'no_explicit_call' := 'do not call this function block directly'}  | FUNCTION_BLOCK ABSTRACT READ_ONLY_ERROR | VAR_OUTPUT | 	Severity : ERROR_SEVERITY; | 	 | 	TopSource : STRING(255); | 	RootSource : STRING(255); | 	 | 	TopMessage : ERROR_MESSAGE; | 	RootMessage : ERROR_MESSAGE; |  	 | 	LocalTimestamp : LDATE_AND_TIME;	 | 	UtcTimestamp : LDATE_AND_TIME;	 | END_VAR","2","2"
"Sources/TwinCAT.OpenFramework.Core/Primitives/Generic/GENERIC_KEY_VALUE_PAIR.TcDUT","DUT","GENERIC_KEY_VALUE_PAIR","TYPE GENERIC_KEY_VALUE_PAIR : | STRUCT | 	Key : GENERIC_VALUE; | 	Value : GENERIC_VALUE; | END_STRUCT | END_TYPE","0","0"
"Sources/TwinCAT.OpenFramework.Core/Primitives/Generic/GENERIC_MEMORY_MANAGEMENT_BEHAVIOR.TcDUT","DUT","GENERIC_MEMORY_MANAGEMENT_BEHAVIOR","{attribute 'qualified_only'} | {attribute 'strict'} | {attribute 'to_string'} | TYPE GENERIC_MEMORY_MANAGEMENT_BEHAVIOR : | ( | 	CLONE_ORIGINAL_VALUE_AND_OWNS_MEMORY, | 	STORE_ORIGINAL_REFERENCE_AND_NOT_OWNS_MEMORY, | 	STORE_ORIGINAL_REFERENCE_AND_OWNS_MEMORY | ); | END_TYPE","0","0"
"Sources/TwinCAT.OpenFramework.Core/Primitives/Generic/GENERIC_VALUE.TcPOU","POU","GENERIC_VALUE","{attribute 'no_explicit_call' := 'do not call this function block directly'}  | FUNCTION_BLOCK GENERIC_VALUE | VAR_OUTPUT | 	TypeClass : GENERIC_TYPE_CLASS; | 	Address : POINTER TO BYTE; | 	Size : ULINT; | 	IsMemoryOwner : BOOL; | END_VAR","41","3"
"Sources/TwinCAT.OpenFramework.Core/Primitives/Generic/GenericValueFactory.TcPOU","POU","GenericValueFactory","{attribute 'no_explicit_call' := 'do not call this function block directly'}  | PROGRAM GenericValueFactory | VAR_OUTPUT | 	GenericValueClassName : STRING := 'GENERIC_VALUE'; | END_VAR | VAR | 	{attribute 'hide'}  | 	_ClassName : STRING := __POUNAME(); | END_VAR","57","2"
"Sources/TwinCAT.OpenFramework.Core/Primitives/Generic/ValueValidator/GenericValueValidator.TcPOU","POU","GenericValueValidator","{attribute 'no_explicit_call' := 'do not call this function block directly'}  | FUNCTION_BLOCK GenericValueValidator EXTENDS Object IMPLEMENTS IGenericValueValidator | VAR | 	_ClassName : STRING := __POUNAME(); | 	 | 	_TypeClass : GENERIC_TYPE_CLASS; | END_VAR","2","3"
"Sources/TwinCAT.OpenFramework.Core/Primitives/Generic/ValueValidator/IGenericValueValidator.TcIO","Itf","IGenericValueValidator","INTERFACE IGenericValueValidator EXTENDS IObject","1","0"
"Sources/TwinCAT.OpenFramework.Core/Primitives/GenericTypeClassConvertor.TcPOU","POU","GenericTypeClassConvertor","{attribute 'no_explicit_call' := 'do not call this function block directly'}  | PROGRAM GenericTypeClassConvertor | VAR | 	{attribute 'hide'}  | 	_ClassName : STRING := __POUNAME(); | END_VAR","4","2"
"Sources/TwinCAT.OpenFramework.Core/Primitives/Integers/SignedByte.TcPOU","POU","SignedByte","{attribute 'no_explicit_call' := 'do not call this function block directly'}  | PROGRAM SignedByte | VAR CONSTANT | 	MIN_VALUE : SINT := -128; | 	MAX_VALUE : SINT := +127; | END_VAR | VAR | 	{attribute 'hide'}  | 	_ClassName : STRING := __POUNAME(); | END_VAR","0","2"
"Sources/TwinCAT.OpenFramework.Core/Primitives/Integers/SignedInt16.TcPOU","POU","SignedInt16","{attribute 'no_explicit_call' := 'do not call this function block directly'}  | PROGRAM SignedInt16 | VAR CONSTANT | 	MIN_VALUE : INT := -32_768; | 	MAX_VALUE : INT := +32_767; | END_VAR | VAR | 	{attribute 'hide'}  | 	_ClassName : STRING := __POUNAME(); | END_VAR","0","2"
"Sources/TwinCAT.OpenFramework.Core/Primitives/Integers/SignedInt32.TcPOU","POU","SignedInt32","{attribute 'no_explicit_call' := 'do not call this function block directly'}  | PROGRAM SignedInt32 | VAR CONSTANT | 	MIN_VALUE : DINT := -2_147_483_648; | 	MAX_VALUE : DINT := +2_147_483_647; | 	 | 	MIN_24BIT_VALUE : DINT := -8_388_608; | 	MAX_24BIT_VALUE : DINT := +8_388_607; | END_VAR | VAR | 	{attribute 'hide'}  | 	_ClassName : STRING := __POUNAME(); | END_VAR","0","2"
"Sources/TwinCAT.OpenFramework.Core/Primitives/Integers/SignedInt64.TcPOU","POU","SignedInt64","{attribute 'no_explicit_call' := 'do not call this function block directly'}  | PROGRAM SignedInt64 | VAR CONSTANT | 	MIN_VALUE : LINT := -9_223_372_036_854_775_808; | 	MAX_VALUE : LINT := +9_223_372_036_854_775_807; | END_VAR | VAR | 	{attribute 'hide'}  | 	_ClassName : STRING := __POUNAME(); | END_VAR","0","2"
"Sources/TwinCAT.OpenFramework.Core/Primitives/Integers/UsignedByte.TcPOU","POU","UsignedByte","{attribute 'no_explicit_call' := 'do not call this function block directly'}  | PROGRAM UsignedByte | VAR CONSTANT | 	MIN_VALUE : BYTE := 0; | 	MAX_VALUE : BYTE := 255; | END_VAR | VAR | 	{attribute 'hide'}  | 	_ClassName : STRING := __POUNAME(); | END_VAR","0","2"
"Sources/TwinCAT.OpenFramework.Core/Primitives/Integers/UsignedInt16.TcPOU","POU","UsignedInt16","{attribute 'no_explicit_call' := 'do not call this function block directly'}  | PROGRAM UsignedInt16 | VAR CONSTANT | 	MIN_VALUE : UINT := 0; | 	MAX_VALUE : UINT := 65_535; | END_VAR | VAR | 	{attribute 'hide'}  | 	_ClassName : STRING := __POUNAME(); | END_VAR","0","2"
"Sources/TwinCAT.OpenFramework.Core/Primitives/Integers/UsignedInt32.TcPOU","POU","UsignedInt32","{attribute 'no_explicit_call' := 'do not call this function block directly'}  | PROGRAM UsignedInt32 | VAR CONSTANT | 	MIN_VALUE : UDINT := 0; | 	MAX_VALUE : UDINT := 4_294_967_295; | END_VAR | VAR | 	{attribute 'hide'}  | 	_ClassName : STRING := __POUNAME(); | END_VAR","0","2"
"Sources/TwinCAT.OpenFramework.Core/Primitives/Integers/UsignedInt64.TcPOU","POU","UsignedInt64","{attribute 'no_explicit_call' := 'do not call this function block directly'}  | PROGRAM UsignedInt64 | VAR CONSTANT | 	MIN_VALUE : ULINT := 0; | 	MAX_VALUE : ULINT := 18_446_744_073_709_551_615; | END_VAR | VAR | 	{attribute 'hide'}  | 	_ClassName : STRING := __POUNAME(); | END_VAR","0","2"
"Sources/TwinCAT.OpenFramework.Core/Primitives/Reals/LongReals.TcPOU","POU","LongReals","{attribute 'no_explicit_call' := 'do not call this function block directly'}  | PROGRAM LongReals | VAR CONSTANT | 	MIN_VALUE : LREAL := -1.7976931348623158E+308; | 	MAX_VALUE : LREAL := +1.7976931348623158E+308; |  |     POSITIVE_INFINITY : LREAL_UNION := (Raw := 16#7FF0000000000000); // IEEE 754 +Infinity |     NEGATIVE_INFINITY : LREAL_UNION := (Raw := 16#FFF0000000000000); // IEEE 754 -Infinity |     NOT_A_NUMBER : LREAL := LOG(-1); //LREAL_UNION := (Raw := 16#7FF8000000000000); // IEEE 754 NaN	 | END_VAR | VAR | 	{attribute 'hide'}  | 	_ClassName : STRING := __POUNAME(); | END_VAR","0","2"
"Sources/TwinCAT.OpenFramework.Core/Primitives/Reals/LREAL_UNION.TcDUT","DUT","LREAL_UNION","TYPE LREAL_UNION : | UNION |     Value : LREAL; |     Raw : ULINT; | END_UNION | END_TYPE","0","0"
"Sources/TwinCAT.OpenFramework.Core/Primitives/Reals/REAL_UNION.TcDUT","DUT","REAL_UNION","TYPE REAL_UNION : | UNION |     Value : REAL; |     Raw : UDINT; | END_UNION | END_TYPE","0","0"
"Sources/TwinCAT.OpenFramework.Core/Primitives/Reals/Reals.TcPOU","POU","Reals","{attribute 'no_explicit_call' := 'do not call this function block directly'}  | PROGRAM Reals | VAR CONSTANT | 	MIN_VALUE : REAL := -3.402823E+38; | 	MAX_VALUE : REAL := +3.402823E+38; | 	 |     POSITIVE_INFINITY : REAL_UNION := (Raw := 16#7F800000); // IEEE 754 +Infinity |     NEGATIVE_INFINITY : REAL_UNION := (Raw := 16#FF800000); // IEEE 754 -Infinity |     NOT_A_NUMBER : REAL := TO_REAL(LOG(-1)); // REAL_UNION := (Raw := 16#7FC00000); // IEEE 754 NaN	 | END_VAR | VAR | 	{attribute 'hide'}  | 	_ClassName : STRING := __POUNAME(); | END_VAR","0","2"
"Sources/TwinCAT.OpenFramework.Core/Primitives/Strings/StringBuilder.TcPOU","POU","StringBuilder","{attribute 'no_explicit_call' := 'Direct call is not allowed'}  | FUNCTION_BLOCK StringBuilder EXTENDS Object | VAR CONSTANT | 	STRING_CHAR_SIZE : BYTE := 1; | END_VAR | VAR | 	{attribute 'hide'}  | 	_ClassName : STRING := __POUNAME(); |  | 	{attribute 'hide'}  | 	_String : POINTER TO STRING; | 	{attribute 'hide'}  | 	_Length : UDINT; | 	{attribute 'hide'}  | 	_Capacity : UDINT; | END_VAR","12","8"
"Sources/TwinCAT.OpenFramework.Core/Primitives/Strings/Strings.TcPOU","POU","Strings","{attribute 'no_explicit_call' := 'Direct call is not allowed'}  | PROGRAM Strings | VAR_INPUT CONSTANT | 	CharSize : BYTE := 1; | 	NewLine : STRING(1) := '$R'; | 	Empty : STRING(0) := ''; | END_VAR | VAR | 	{attribute 'hide'}  | 	_ClassName : STRING := __POUNAME(); | END_VAR","33","2"
"Sources/TwinCAT.OpenFramework.Core/Primitives/Strings/StringSplittingEnumerator.TcPOU","POU","StringSplittingEnumerator","{attribute 'no_explicit_call' := 'do not call this function block directly'}  | FUNCTION_BLOCK StringSplittingEnumerator EXTENDS Object IMPLEMENTS IEnumerator | VAR_OUTPUT | 	SourceString : POINTER TO STRING; | 	SourceStringLength : UDINT; | 	SourceStringSize : UDINT; | 	Separator : STRING; | 	SeparatorLength : UDINT; | 	MaxCount : UDINT := 0; | 	TrimEntries : BOOL := FALSE; | 	RemoveEmptyEntries : BOOL := FALSE;	 | END_VAR | VAR | 	{attribute 'hide'}  | 	_ClassName : STRING := __POUNAME(); |  | 	{attribute 'hide'}  | 	_CurrentString : POINTER TO STRING; | 	{attribute 'hide'}  | 	_CurrentStringLength : UDINT; | 	{attribute 'hide'}  | 	_CurrentEntry : POINTER TO STRING; | 	{attribute 'hide'}  | 	_CurrentEntrySize : UDINT; | 	{attribute 'hide'}  | 	_EntryCount : UDINT;  | END_VAR","4","5"
"Sources/TwinCAT.OpenFramework.Core/Primitives/Strings/WideStringBuilder.TcPOU","POU","WideStringBuilder","{attribute 'no_explicit_call' := 'Direct call is not allowed'}  | FUNCTION_BLOCK WideStringBuilder EXTENDS Object | VAR CONSTANT | 	STRING_CHAR_SIZE : BYTE := 2; | END_VAR | VAR | 	{attribute 'hide'}  | 	_ClassName : STRING := __POUNAME(); |  | 	{attribute 'hide'}  | 	_String : POINTER TO WSTRING; | 	{attribute 'hide'}  | 	_Length : UDINT; | 	{attribute 'hide'}  | 	_Capacity : UDINT; | END_VAR","12","8"
"Sources/TwinCAT.OpenFramework.Core/Primitives/Strings/WideStrings.TcPOU","POU","WideStrings","{attribute 'no_explicit_call' := 'Direct call is not allowed'}  | PROGRAM WideStrings | VAR_INPUT CONSTANT | 	CharSize : BYTE := 2; | 	NewLine : WSTRING(1) := ""$R"";  | 	Empty : WSTRING(0) := """"; | 	ByteOrderMask : WORD := 16#FEFF; | END_VAR | VAR | 	{attribute 'hide'}  | 	_ClassName : STRING := __POUNAME(); | END_VAR","31","2"
"Sources/TwinCAT.OpenFramework.Core/Primitives/Strings/WideStringSplittingEnumerator.TcPOU","POU","WideStringSplittingEnumerator","{attribute 'no_explicit_call' := 'do not call this function block directly'}  | FUNCTION_BLOCK WideStringSplittingEnumerator EXTENDS Object IMPLEMENTS IEnumerator | VAR_OUTPUT | 	SourceString : POINTER TO WSTRING; | 	SourceStringLength : UDINT; | 	SourceStringSize : UDINT; | 	Separator : WSTRING; | 	SeparatorLength : UDINT; | 	MaxCount : UDINT := 0; | 	TrimEntries : BOOL := FALSE; | 	RemoveEmptyEntries : BOOL := FALSE;	 | END_VAR | VAR | 	{attribute 'hide'}  | 	_ClassName : STRING := __POUNAME(); |  | 	{attribute 'hide'}  | 	_CurrentString : POINTER TO WSTRING; | 	{attribute 'hide'}  | 	_CurrentStringLength : UDINT; | 	{attribute 'hide'}  | 	_CurrentEntry : POINTER TO WSTRING; | 	{attribute 'hide'}  | 	_CurrentEntrySize : UDINT; | 	{attribute 'hide'}  | 	_EntryCount : UDINT;  | END_VAR","4","5"
"Sources/TwinCAT.OpenFramework.Core/Primitives/SystemAnyTypes.TcPOU","POU","SystemAnyTypes","{attribute 'no_explicit_call' := 'do not call this function block directly'}  | PROGRAM SystemAnyTypes | VAR | 	{attribute 'hide'}  | 	_ClassName : STRING := __POUNAME(); | END_VAR","3","2"
"Sources/TwinCAT.OpenFramework.Core/Primitives/SystemTypeClassConvertor.TcPOU","POU","SystemTypeClassConvertor","{attribute 'no_explicit_call' := 'do not call this function block directly'}  | PROGRAM SystemTypeClassConvertor | VAR | 	{attribute 'hide'}  | 	_ClassName : STRING := __POUNAME(); | END_VAR","2","2"
"Sources/TwinCAT.OpenFramework.Core/Primitives/Times/LongTimes.TcPOU","POU","LongTimes","{attribute 'no_explicit_call' := 'do not call this function block directly'}  | PROGRAM LongTimes | VAR CONSTANT | 	MIN_VALUE : LTIME := LTIME#0S; | 	MAX_VALUE : LTIME := LTIME#213503D23H34M33S709MS551US615NS; | END_VAR | VAR | 	{attribute 'hide'}  | 	_ClassName : STRING := __POUNAME(); | END_VAR","7","2"
"Sources/TwinCAT.OpenFramework.Core/Primitives/Times/Times.TcPOU","POU","Times","{attribute 'no_explicit_call' := 'do not call this function block directly'}  | PROGRAM Times | VAR CONSTANT | 	MIN_VALUE : TIME := T#0S; | 	MAX_VALUE : TIME := T#49D17H2M47S295MS; | END_VAR | VAR | 	{attribute 'hide'}  | 	_ClassName : STRING := __POUNAME(); | END_VAR","7","2"
"Sources/TwinCAT.OpenFramework.Core/Primitives/TypeAliases/ERROR_MESSAGE.TcDUT","DUT","ERROR_MESSAGE","TYPE ERROR_MESSAGE : WSTRING(2000); END_TYPE","0","0"
"Sources/TwinCAT.OpenFramework.Core/Primitives/TypeAliases/Indices/DINT_INDEX.TcDUT","DUT","DINT_INDEX","TYPE DINT_INDEX : DINT(0..2147483647 - 1); END_TYPE","0","0"
"Sources/TwinCAT.OpenFramework.Core/Primitives/TypeAliases/Indices/INT_INDEX.TcDUT","DUT","INT_INDEX","TYPE INT_INDEX : INT(0..32767 - 1); END_TYPE","0","0"
"Sources/TwinCAT.OpenFramework.Core/Primitives/TypeAliases/JSON_DOCUMENT.TcDUT","DUT","JSON_DOCUMENT","TYPE JSON_DOCUMENT : STRING(25000); END_TYPE","0","0"
"Sources/TwinCAT.OpenFramework.Core/Primitives/TypeAliases/Length/DINT_LENGTH.TcDUT","DUT","DINT_LENGTH","TYPE DINT_LENGTH : DINT(0..2147483647); END_TYPE","0","0"
"Sources/TwinCAT.OpenFramework.Core/Primitives/TypeAliases/Length/INT_LENGTH.TcDUT","DUT","INT_LENGTH","TYPE INT_LENGTH : INT(0..32767); END_TYPE","0","0"
"Sources/TwinCAT.OpenFramework.Core/Primitives/Unions/UNIVERSAL_POINTER.TcDUT","DUT","UNIVERSAL_POINTER","TYPE UNIVERSAL_POINTER : | UNION | 	AsUntypedPointer : PVOID; | 	AsBool : POINTER TO BOOL; |     AsByte : POINTER TO BYTE; |     AsWord : POINTER TO WORD; |     AsDWord : POINTER TO DWORD; |     AsLWord : POINTER TO LWORD; |     AsSInt : POINTER TO SINT; |     AsInt : POINTER TO INT; |     AsDInt : POINTER TO DINT; |     AsLInt : POINTER TO LINT; |     AsUSInt : POINTER TO USINT; |     AsUInt : POINTER TO UINT; |     AsUDInt : POINTER TO UDINT; |     AsULInt : POINTER TO ULINT; |     AsReal : POINTER TO REAL; |     AsLReal : POINTER TO LREAL; |     AsString : POINTER TO STRING; |     AsWString : POINTER TO WSTRING; |     AsTime : POINTER TO TIME; |     AsLTime : POINTER TO LTIME; |     AsDate : POINTER TO DATE; |     AsLDate : POINTER TO LDATE; |     AsDateAndTime : POINTER TO DATE_AND_TIME; |     AsLDateAndTime : POINTER TO LDATE_AND_TIME; |     AsTimeOfDay : POINTER TO TIME_OF_DAY; |     AsLTimeOfDay : POINTER TO LTIME_OF_DAY; |     AsObject : POINTER TO Object; | END_UNION | END_TYPE","0","0"
"Sources/TwinCAT.OpenFramework.Core/TwinCAT_OpenFramework_Core.plcproj","Project","","","0","0"
"Sources/TwinCAT.OpenFramework.Core/Utilities/Debugging/OBJECT_STATISTICS.TcDUT","DUT","OBJECT_STATISTICS","TYPE OBJECT_STATISTICS : | STRUCT | 	TypeName : STRING(255); | 	InstanceCount : LINT; | END_STRUCT | END_TYPE","0","0"
"Sources/TwinCAT.OpenFramework.Core/Utilities/Debugging/ObjectStatistics.TcPOU","POU","ObjectStatistics","{attribute 'no_explicit_call' := 'Direct call is not allowed'}  | PROGRAM ObjectStatistics | VAR CONSTANT | 	OBJECT_STATISTICS_BUFFER_SIZE : DINT := 1000; | END_VAR | VAR_OUTPUT | 	CreateObjectCounter : DWORD; // Increments each time when object created | 	DeleteObjectCounter : DWORD; // Decrements each time when object created | 	ObjectCount : LINT; // Count of existing objecs | 	ObjectStatistics : ARRAY [0..OBJECT_STATISTICS_BUFFER_SIZE - 1] OF OBJECT_STATISTICS; | END_VAR | VAR | 	{attribute 'hide'}  | 	_ClassName : STRING := __POUNAME(); | END_VAR","2","2"
"Sources/TwinCAT.OpenFramework.Core/Utilities/Debugging/ObjectStatisticsSettings.TcGVL","GVL","ObjectStatisticsSettings","{attribute 'qualified_only'} | VAR_GLOBAL PERSISTENT | 	{attribute 'OPC.UA.DA' := '1'}	 | 	// Indicates if object creating and deleting counted in ObjectStatistics | 	CountObjectStatistics : BOOL; | END_VAR","0","0"
"Sources/TwinCAT.OpenFramework.Core/Utilities/Hysteresis/DeadbandHysteresis.TcPOU","POU","DeadbandHysteresis","{attribute 'no_explicit_call' := 'do not call this function block directly'}  | FUNCTION_BLOCK DeadbandHysteresis EXTENDS Object | VAR		 | 	{attribute 'hide'}  | 	_ClassName : STRING := __POUNAME(); |  | 	{attribute 'hide'}  | 	_LatchValue : LREAL;  | 	{attribute 'hide'}  | 	_Deadband : LREAL; | 	{attribute 'hide'}  | 	_Mode : HYSTERESIS_MODE; | 	 | 	{attribute 'hide'}  | 	_Latched : BOOL; | END_VAR","3","7"
"Sources/TwinCAT.OpenFramework.Core/Utilities/Hysteresis/HYSTERESIS_MODE.TcDUT","DUT","HYSTERESIS_MODE","{attribute 'qualified_only'} | {attribute 'strict'} | {attribute 'to_string'} | TYPE HYSTERESIS_MODE : | ( |     LATCH_ON_RISE_RESET_ON_FALL, |     LATCH_ON_FALL_RESET_ON_RISE | ); | END_TYPE","0","0"
"Sources/TwinCAT.OpenFramework.Core/Utilities/Logging/AdsLogger.TcPOU","POU","AdsLogger","{attribute 'no_explicit_call' := 'do not call this function block directly'}  | FUNCTION_BLOCK AdsLogger EXTENDS Object IMPLEMENTS ILogger | VAR | 	{attribute 'hide'}  | 	_ClassName : STRING := __POUNAME(); | END_VAR","4","3"
"Sources/TwinCAT.OpenFramework.Core/Utilities/Logging/ILogFilter.TcIO","Itf","ILogFilter","INTERFACE ILogFilter EXTENDS IObject","1","0"
"Sources/TwinCAT.OpenFramework.Core/Utilities/Logging/ILogger.TcIO","Itf","ILogger","INTERFACE ILogger EXTENDS IExecutable","3","0"
"Sources/TwinCAT.OpenFramework.Core/Utilities/Logging/LOG_CATEGORY.TcDUT","DUT","LOG_CATEGORY","{attribute 'qualified_only'} | {attribute 'strict'} | {attribute 'to_string'} | TYPE LOG_CATEGORY : | ( | 	DEBUG := 0, | 	INFORMATION, | 	WARNING, | 	ERROR, | 	CRITICAL_ERROR | ); | END_TYPE","0","0"
"Sources/TwinCAT.OpenFramework.Core/Utilities/Logging/LOG_MESSAGE_NUMBER_FORMAT.TcDUT","DUT","LOG_MESSAGE_NUMBER_FORMAT","{attribute 'qualified_only'} | {attribute 'strict'} | {attribute 'to_string'} | TYPE LOG_MESSAGE_NUMBER_FORMAT : | ( | 	NONE := 0, | 	SEQUENTIAL, | 	SEQUENTIAL_BY_CATEGORY | ); | END_TYPE","0","0"
"Sources/TwinCAT.OpenFramework.Core/Utilities/Logging/LogManager.TcPOU","POU","LogManager","PROGRAM LogManager | VAR_INPUT | 	MessageNumberFormat : LOG_MESSAGE_NUMBER_FORMAT := LOG_MESSAGE_NUMBER_FORMAT.SEQUENTIAL_BY_CATEGORY; | END_VAR | VAR_OUTPUT | 	TotalMessageCounter : ULINT; | 	FilteredMessageCounter : ULINT; | 	 | 	TotalMessageByCategoryCounters : ARRAY [LOG_CATEGORY.DEBUG .. LOG_CATEGORY.CRITICAL_ERROR] OF ULINT;    | 	FilteredMessageByCategoryCounters : ARRAY [LOG_CATEGORY.DEBUG .. LOG_CATEGORY.CRITICAL_ERROR] OF ULINT;    | END_VAR | VAR | 	{attribute 'hide'}  | 	_ClassName : STRING := __POUNAME(); |  | 	{attribute 'hide'}  | 	_DefaultLogger : AdsLogger; | 	{attribute 'hide'}  | 	_Logger : ILogger;	 | 	{attribute 'hide'}  | 	_Filter : ILogFilter;   | END_VAR","4","4"
"Sources/TwinCAT.OpenFramework.Core/Utilities/Mathematics/Rounding.TcPOU","POU","Rounding","PROGRAM Rounding | VAR | 	{attribute 'hide'}  | 	_ClassName : STRING := __POUNAME(); | END_VAR","1","2"
"Sources/TwinCAT.OpenFramework.Core/Utilities/Mathematics/Trigonometry.TcPOU","POU","Trigonometry","PROGRAM Trigonometry | VAR | 	{attribute 'hide'}  | 	_ClassName : STRING := __POUNAME(); | END_VAR","2","2"
"Sources/TwinCAT.OpenFramework.Core/Utilities/Memory/AutoDisposeRegistrar.TcPOU","POU","AutoDisposeRegistrar","// create instance of this class in any class with can be dynamically created with __NEW and should be automatically deleted with __DETETE | FUNCTION_BLOCK FINAL AutoDisposeRegistrar","1","0"
"Sources/TwinCAT.OpenFramework.Core/Utilities/Memory/DynamicMemoryManager.TcPOU","POU","DynamicMemoryManager","{attribute 'no_explicit_call' := 'Direct call is not allowed'}  | PROGRAM DynamicMemoryManager | VAR | 	{attribute 'hide'}  | 	_ClassName : STRING := __POUNAME(); | 	 | 	{attribute 'hide'}  | 	_AutoDisposedObjects : POINTER TO IObject;	 | 	{attribute 'hide'}  | 	_AutoDisposedPointerCount : DWORD; | 	{attribute 'hide'}  | 	_AutoDisposedObjectCount : DWORD; |  | 	{attribute 'hide'}  | 	_LastSystemTaskCycleCount : UDINT; |  | 	{attribute 'hide'}  | 	_MemoryCleanupHelper : MemoryCleanupHelper;	 | END_VAR | VAR CONSTANT | 	ALLOCATE_POINTER_COUNT : BYTE := 10; | END_VAR","3","2"
"Sources/TwinCAT.OpenFramework.Core/Utilities/Memory/Internal/MemoryCleanupHelper.TcPOU","POU","MemoryCleanupHelper","FUNCTION_BLOCK INTERNAL MemoryCleanupHelper","1","0"
"Sources/TwinCAT.OpenFramework.Core/Utilities/Memory/Memory.TcPOU","POU","Memory","{attribute 'no_explicit_call' := 'Direct call is not allowed'}  | PROGRAM Memory | VAR | 	{attribute 'hide'}  | 	_ClassName : STRING := __POUNAME(); | END_VAR","4","2"
"Sources/TwinCAT.OpenFramework.Core/Utilities/Ramp/LinearRamp.TcPOU","POU","LinearRamp","{attribute 'no_explicit_call' := 'do not call this function block directly'}  | FUNCTION_BLOCK LinearRamp EXTENDS Object IMPLEMENTS IExecutable | VAR		 | 	{attribute 'hide'}  | 	_ClassName : STRING := __POUNAME(); |  | 	{attribute 'hide'}  | 	_StartValue : LREAL; | 	{attribute 'hide'}  | 	_EndValue : LREAL; | 	{attribute 'hide'}  | 	_TransitionTime : TIME; | 	 | 	{attribute 'hide'}  | 	_LocalCurrentValue : LREAL; | 	{attribute 'hide'}  | 	_CurrentValueReference : REFERENCE TO LREAL REF= _LocalCurrentValue; | 	{attribute 'hide'}  | 	_RemainingTime : TIME; | 	 | 	{attribute 'hide'}  | 	_ChangePerTick : LREAL; | 	 | 	{attribute 'hide'}  | 	_Timer : Tc2_Standard.LTON; | END_VAR","2","10"
"Sources/TwinCAT.OpenFramework.Core/Utilities/Random/Random.TcPOU","POU","Random","PROGRAM Random | VAR | 	{attribute 'hide'}  | 	_ClassName : STRING := __POUNAME(); |  | 	{attribute 'hide'}  | 	_Random : Tc2_System.DRAND; | END_VAR","4","2"
"Sources/TwinCAT.OpenFramework.Core/Utilities/Stopwatch/Stopwatch.TcPOU","POU","Stopwatch","{attribute 'no_explicit_call' := 'do not call this function block directly'}  | FUNCTION_BLOCK Stopwatch EXTENDS Object IMPLEMENTS IExecutable | VAR		 | 	{attribute 'hide'}  | 	_ClassName : STRING := __POUNAME(); |  | 	{attribute 'hide'}  | 	_Timer : Tc2_Standard.LTON; | 	 | 	{attribute 'hide'}  | 	_Direction : DIRECTION_TYPE := DIRECTION_TYPE.POSITIVE; |  | 	{attribute 'hide'}  | 	_NotPersistentSavedTime : LTIME;  | END_VAR | VAR PERSISTENT | 	_UsePersistentMemory : BOOL; | 	 | 	_PersistentSavedTime : LTIME;  | END_VAR","6","7"
"Sources/TwinCAT.OpenFramework.Core/Utilities/System.TcPOU","POU","System","{attribute 'no_explicit_call' := 'do not call this function block directly'}  | PROGRAM System | VAR_OUTPUT	 | 	SystemTimeZoneId : Tc2_Utilities.E_TimeZoneID;	 | 	SystemTimeZoneInformation : Tc2_Utilities.ST_TimeZoneInformation;		 | 			 | 	SystemLocalDateTime : LDATE_AND_TIME;			 | 	SystemUtcDateTime : LDATE_AND_TIME; | 		 | 	SystemFileTime : Tc2_Utilities.T_FILETIME;		 | 	SystemFileTime64 : Tc2_Utilities.T_FILETIME64; | 	 | 	SystemDataValid : BOOL; | END_VAR | VAR | 	{attribute 'hide'}  | 	_ClassName : STRING := __POUNAME(); | 	 | 	{attribute 'hide'}  | 	_GetLocalAmsNetId : FB_GetLocalAmsNetId; | 	{attribute 'hide'}  | 	_LocalSystemTime : Tc2_Utilities.FB_LocalSystemTime;  | 	{attribute 'hide'}  | 	_GetTimeZone : Tc2_Utilities.FB_GetTimeZoneInformation; | 	{attribute 'hide'}  | 	_LocalTimeToUtcTime : FB_TzSpecificLocalTimeToSystemTime;	 | END_VAR","5","5"
"Sources/TwinCAT.OpenFramework.Core/Version/Global_Version.TcGVL","GVL","Global_Version","{attribute 'TcGenerated'} | {attribute 'no-analysis'} | {attribute 'linkalways'} | // This function has been automatically generated from the project information. | VAR_GLOBAL CONSTANT | 	{attribute 'const_non_replaced'} | 	stLibVersion_TwinCAT_Open_Framework_Core : ST_LibVersion := (iMajor := 1, iMinor := 0, iBuild := 10, iRevision := 0, nFlags := 0, sVersion := '1.0.10.0'); | END_VAR","0","0"
"Sources/TwinCAT.OpenFramework.Devices.IO/Analog/IAnalogValueConverter.TcIO","Itf","IAnalogValueConverter","INTERFACE IAnalogValueConverter EXTENDS TOF_Core.IObject","2","0"
"Sources/TwinCAT.OpenFramework.Devices.IO/Analog/Inputs/ANALOG_INPUT_STATUS.TcPOU","POU","ANALOG_INPUT_STATUS","FUNCTION_BLOCK ANALOG_INPUT_STATUS | VAR | 	_Status : WORD; | END_VAR","1","9"
"Sources/TwinCAT.OpenFramework.Devices.IO/Analog/Inputs/AnalogInput.TcPOU","POU","AnalogInput","FUNCTION_BLOCK AnalogInput EXTENDS TOF_Automation.InputLeafAutomationComponent IMPLEMENTS IAnalogInput | VAR	 | 	{attribute 'hide'}  | 	_ClassName : STRING := __POUNAME(); |  | 	{attribute 'hide'}  | 	_RawValueType : RAW_ANALOG_VALUE_TYPE; | 	 | 	{attribute 'hide'}  | 	_Converter : IAnalogValueConverter; |  | 	_CurrentStatus : ANALOG_INPUT_STATUS; | 	_PreviousStatus : ANALOG_INPUT_STATUS; |  | 	_CurrentValue : LREAL; | 	_PreviousValue : LREAL; |  | 	_RawInt16Value : REFERENCE TO INT; | 	_RawInt32Value : REFERENCE TO DINT; | 	_RawReal32Value : REFERENCE TO REAL;  | 	 | 	_RawStatus : REFERENCE TO WORD; | END_VAR","7","9"
"Sources/TwinCAT.OpenFramework.Devices.IO/Analog/Inputs/IAnalogInput.TcIO","Itf","IAnalogInput","INTERFACE IAnalogInput EXTENDS IReadOnlyAnalogAnalogInput","3","0"
"Sources/TwinCAT.OpenFramework.Devices.IO/Analog/Inputs/IReadOnlyAnalogAnalogInput.TcIO","Itf","IReadOnlyAnalogAnalogInput","INTERFACE IReadOnlyAnalogAnalogInput EXTENDS TOF_Automation.IInputLeafAutomationComponent, TOF_Core.IIOBindable","0","5"
"Sources/TwinCAT.OpenFramework.Devices.IO/Analog/Outputs/AnalogOutput.TcPOU","POU","AnalogOutput","FUNCTION_BLOCK AnalogOutput EXTENDS TOF_Automation.OutputLeafAutomationComponent IMPLEMENTS IAnalogOutput, TOF_Core.IIOBindable | VAR	 | 	{attribute 'hide'}  | 	_ClassName : STRING := __POUNAME(); |  | 	{attribute 'hide'}  | 	_RawValueType : RAW_ANALOG_VALUE_TYPE; |  | 	{attribute 'hide'}  | 	_Converter : IAnalogValueConverter; |  | 	_CurrentValue : LREAL; | 	_PreviousValue : LREAL; | 	 | 	_RawInt16Value : REFERENCE TO INT; | 	_RawInt32Value : REFERENCE TO DINT; | 	_RawReal32Value : REFERENCE TO REAL;  | END_VAR","7","8"
"Sources/TwinCAT.OpenFramework.Devices.IO/Analog/Outputs/IAnalogOutput.TcIO","Itf","IAnalogOutput","INTERFACE IAnalogOutput EXTENDS IReadOnlyAnalogOutput","3","1"
"Sources/TwinCAT.OpenFramework.Devices.IO/Analog/Outputs/IReadOnlyAnalogOutput.TcIO","Itf","IReadOnlyAnalogOutput","INTERFACE IReadOnlyAnalogOutput EXTENDS TOF_Automation.IOutputLeafAutomationComponent","0","4"
"Sources/TwinCAT.OpenFramework.Devices.IO/Analog/RAW_ANALOG_VALUE_TYPE.TcDUT","DUT","RAW_ANALOG_VALUE_TYPE","{attribute 'qualified_only'} | {attribute 'strict'} | {attribute 'to_string'} | TYPE RAW_ANALOG_VALUE_TYPE : | ( | 	INT16, | 	INT32, | 	REAL32  | ); | END_TYPE","0","0"
"Sources/TwinCAT.OpenFramework.Devices.IO/Analog/RAW_ANALOG_VALUE.TcDUT","DUT","RAW_ANALOG_VALUE","TYPE RAW_ANALOG_VALUE : | UNION | 	Int16 : INT; | 	Int32 : DINT; | 	Real32 : REAL;  | END_UNION | END_TYPE","0","0"
"Sources/TwinCAT.OpenFramework.Devices.IO/Analog/RawAnalogValues.TcPOU","POU","RawAnalogValues","PROGRAM RawAnalogValues | VAR | 	{attribute 'hide'}  | 	_ClassName : STRING := __POUNAME(); | END_VAR","3","2"
"Sources/TwinCAT.OpenFramework.Devices.IO/Analog/StandardConverters/DirectAnalogValueConverter.TcPOU","POU","DirectAnalogValueConverter","FUNCTION_BLOCK DirectAnalogValueConverter EXTENDS TOF_Core.Object IMPLEMENTS IAnalogValueConverter | VAR | 	{attribute 'hide'}  | 	_ClassName : STRING := __POUNAME(); | END_VAR","2","3"
"Sources/TwinCAT.OpenFramework.Devices.IO/Analog/StandardConverters/Range/AbstractRangeAnalogValueConverter.TcPOU","POU","AbstractRangeAnalogValueConverter","{attribute 'no_explicit_call' := 'do not call this function block directly'}  | FUNCTION_BLOCK ABSTRACT AbstractRangeAnalogValueConverter EXTENDS TOF_Core.Object IMPLEMENTS IAnalogValueConverter | VAR | 	{attribute 'hide'}  | 	_MinAnalogValue : REFERENCE TO LREAL; | 	{attribute 'hide'}  | 	_MaxAnalogValue : REFERENCE TO LREAL; | 	{attribute 'hide'}  | 	_MinRawValue : REFERENCE TO RAW_ANALOG_VALUE; | 	{attribute 'hide'}  | 	_MaxRawValue : REFERENCE TO RAW_ANALOG_VALUE; | END_VAR","2","5"
"Sources/TwinCAT.OpenFramework.Devices.IO/Analog/StandardConverters/Range/DynamicRangeAnalogValueConverter.TcPOU","POU","DynamicRangeAnalogValueConverter","{attribute 'no_explicit_call' := 'do not call this function block directly'}  | FUNCTION_BLOCK DynamicRangeAnalogValueConverter EXTENDS AbstractRangeAnalogValueConverter | VAR | 	{attribute 'hide'}  | 	_ClassName : STRING := __POUNAME(); |  | 	{attribute 'hide'}  | 	_ZeroAnalogValue : LREAL; | 	{attribute 'hide'}  | 	_ZeroRawValue : RAW_ANALOG_VALUE;  | END_VAR","1","2"
"Sources/TwinCAT.OpenFramework.Devices.IO/Analog/StandardConverters/Range/StaticRangeAnalogValueConverter.TcPOU","POU","StaticRangeAnalogValueConverter","{attribute 'no_explicit_call' := 'do not call this function block directly'}  | FUNCTION_BLOCK StaticRangeAnalogValueConverter EXTENDS AbstractRangeAnalogValueConverter | VAR | 	{attribute 'hide'}  | 	_ClassName : STRING := __POUNAME(); |  | 	{attribute 'hide'}  | 	_MinAnalogValueVariable : LREAL; | 	{attribute 'hide'}  | 	_MaxAnalogValueVariable : LREAL; | 	{attribute 'hide'}  | 	_MinRawValueVariable : RAW_ANALOG_VALUE; | 	{attribute 'hide'}  | 	_MaxRawValueVariable : RAW_ANALOG_VALUE; | END_VAR","1","2"
"Sources/TwinCAT.OpenFramework.Devices.IO/CONTACT_TYPE.TcDUT","DUT","CONTACT_TYPE","{attribute 'qualified_only'} | {attribute 'strict'} | {attribute 'to_string'} | TYPE CONTACT_TYPE : | ( | 	NORMALY_OPEN := 0, | 	NORMALY_CLOSED := 1 | ); | END_TYPE","0","0"
"Sources/TwinCAT.OpenFramework.Devices.IO/Digital/Input/DigitalInput.TcPOU","POU","DigitalInput","FUNCTION_BLOCK DigitalInput EXTENDS TOF_Automation.InputLeafAutomationComponent IMPLEMENTS IDigitalInput, TOF_Core.IIOBindable | VAR | 	{attribute 'hide'}  | 	_ClassName : STRING := __POUNAME(); | 	 | 	{attribute 'hide'}  | 	_ContactType : CONTACT_TYPE; | 	 | 	_CurrentValue : BOOL; | 	_PreviousValue : BOOL; | 	 | 	_RawValue : REFERENCE TO BOOL; | END_VAR","2","7"
"Sources/TwinCAT.OpenFramework.Devices.IO/Digital/Input/IDigitalInput.TcIO","Itf","IDigitalInput","INTERFACE IDigitalInput EXTENDS IReadOnlyDigitalInput","1","1"
"Sources/TwinCAT.OpenFramework.Devices.IO/Digital/Input/IReadOnlyDigitalInput.TcIO","Itf","IReadOnlyDigitalInput","INTERFACE IReadOnlyDigitalInput EXTENDS TOF_Automation.IInputLeafAutomationComponent","0","3"
"Sources/TwinCAT.OpenFramework.Devices.IO/Digital/Output/DigitalOutput.TcPOU","POU","DigitalOutput","FUNCTION_BLOCK DigitalOutput EXTENDS TOF_Automation.OutputLeafAutomationComponent IMPLEMENTS IDigitalOutput, TOF_Core.IIOBindable | VAR | 	{attribute 'hide'}  | 	_ClassName : STRING := __POUNAME(); | 	 | 	{attribute 'hide'}  | 	_ContactType : CONTACT_TYPE; |  | 	_CurrentValue : BOOL; | 	_PreviousValue : BOOL; |  | 	_RawValue : REFERENCE TO BOOL; | END_VAR","2","7"
"Sources/TwinCAT.OpenFramework.Devices.IO/Digital/Output/IDigitalOutput.TcIO","Itf","IDigitalOutput","INTERFACE IDigitalOutput EXTENDS IReadOnlyDigitalOutput","1","2"
"Sources/TwinCAT.OpenFramework.Devices.IO/Digital/Output/IReadOnlyDigitalOutput.TcIO","Itf","IReadOnlyDigitalOutput","INTERFACE IReadOnlyDigitalOutput EXTENDS TOF_Automation.IOutputLeafAutomationComponent","0","3"
"Sources/TwinCAT.OpenFramework.Devices.IO/Internal/CurrentNamespace.TcPOU","POU","CurrentNamespace","{attribute 'no_explicit_call' := 'do not call this POU directly'} | PROGRAM INTERNAL CurrentNamespace | VAR | 	{attribute 'hide'}  | 	_NamespaceExtractor : NamespaceExtractor; | END_VAR","0","1"
"Sources/TwinCAT.OpenFramework.Devices.IO/Internal/NamespaceExtractor.TcPOU","POU","NamespaceExtractor","FUNCTION_BLOCK INTERNAL NamespaceExtractor | VAR_OUTPUT | 	{attribute 'init_namespace'}  | 	CurrentNamespace : STRING; 	 | END_VAR","0","0"
"Sources/TwinCAT.OpenFramework.Devices.IO/TwinCAT_OpenFramework_Devices_IO.plcproj","Project","","","0","0"
"Sources/TwinCAT.OpenFramework.Devices.IO/Version/Global_Version.TcGVL","GVL","Global_Version","{attribute 'TcGenerated'} | {attribute 'no-analysis'} | {attribute 'linkalways'} | // This function has been automatically generated from the project information. | VAR_GLOBAL CONSTANT | 	{attribute 'const_non_replaced'} | 	stLibVersion_TwinCAT_Open_Framework_Devices_IO : ST_LibVersion := (iMajor := 1, iMinor := 0, iBuild := 10, iRevision := 0, nFlags := 0, sVersion := '1.0.10.0'); | END_VAR","0","0"
"Sources/TwinCAT.OpenFramework.EventLogger/EventLoggerMessage.TcPOU","POU","EventLoggerMessage","FUNCTION_BLOCK ABSTRACT EventLoggerMessage EXTENDS TOF_Core.Object | VAR | 	{attribute 'OPC.UA.DA':='0'} | 	_ClassName : STRING := __POUNAME(); | 	 | 	{attribute 'OPC.UA.DA':='0'} | 	_Created : BOOL; | 	{attribute 'OPC.UA.DA':='0'} | 	_MessageSourceInfo : Tc3_EventLogger.FB_TcSourceInfo; | 	{attribute 'OPC.UA.DA':='0'} |     _Message : Tc3_EventLogger.FB_TcMessage; 	 | END_VAR","3","5"
"Sources/TwinCAT.OpenFramework.EventLogger/Internal/CurrentNamespace.TcPOU","POU","CurrentNamespace","{attribute 'no_explicit_call' := 'do not call this POU directly'} | PROGRAM INTERNAL CurrentNamespace | VAR | 	{attribute 'hide'}  | 	_NamespaceExtractor : NamespaceExtractor; | END_VAR","0","1"
"Sources/TwinCAT.OpenFramework.EventLogger/Internal/NamespaceExtractor.TcPOU","POU","NamespaceExtractor","FUNCTION_BLOCK INTERNAL NamespaceExtractor | VAR_OUTPUT | 	{attribute 'init_namespace'}  | 	CurrentNamespace : STRING;	 | END_VAR","0","0"
"Sources/TwinCAT.OpenFramework.EventLogger/TwinCAT_OpenFramework_EventLogger.plcproj","Project","","","0","0"
"Sources/TwinCAT.OpenFramework.FileSystem/Exceptions/IInvalidPathException.TcIO","Itf","IInvalidPathException","INTERFACE IInvalidPathException EXTENDS TOF_Core.IGeneralException","1","0"
"Sources/TwinCAT.OpenFramework.FileSystem/Exceptions/InvalidPathException.TcPOU","POU","InvalidPathException","{attribute 'enable_dynamic_creation'}	 | {attribute 'no_explicit_call' := 'do not call this function block directly'}  | FUNCTION_BLOCK InvalidPathException EXTENDS TOF_Core.GeneralException IMPLEMENTS IInvalidPathException | VAR | 	{attribute 'hide'}  | 	_ClassName : STRING := __POUNAME(); | END_VAR","2","3"
"Sources/TwinCAT.OpenFramework.FileSystem/Internal/CurrentNamespace.TcPOU","POU","CurrentNamespace","{attribute 'no_explicit_call' := 'do not call this POU directly'} | PROGRAM INTERNAL CurrentNamespace | VAR | 	{attribute 'hide'}  | 	_NamespaceExtractor : NamespaceExtractor; | END_VAR","0","1"
"Sources/TwinCAT.OpenFramework.FileSystem/Internal/NamespaceExtractor.TcPOU","POU","NamespaceExtractor","FUNCTION_BLOCK INTERNAL NamespaceExtractor | VAR_OUTPUT | 	{attribute 'init_namespace'}  | 	CurrentNamespace : STRING; 	 | END_VAR","0","0"
"Sources/TwinCAT.OpenFramework.FileSystem/PathHelper.TcPOU","POU","PathHelper","PROGRAM PathHelper","2","0"
"Sources/TwinCAT.OpenFramework.FileSystem/Tasks/Directory/CheckDirectoryExists.TcPOU","POU","CheckDirectoryExists","{attribute 'no_explicit_call' := 'do not call this function block directly'}  | FUNCTION_BLOCK CheckDirectoryExists EXTENDS TOF_Tasks.Task IMPLEMENTS IFileSystemTask | VAR | 	{attribute 'hide'}  | 	_ClassName : STRING := __POUNAME(); |  |     _EnumFindFile : Tc2_Utilities.FB_EnumFindFileEntry;	 | 	 | 	_DirectoryExists : BOOL; | 	 | 	{attribute 'hide'}  | 	_DirectoryPathNotSpecifiedException : TOF_Core.DataMemberNotSpecifiedException; | 	{attribute 'hide'}  | 	_InvalidPathException : InvalidPathException;	 | 	{attribute 'hide'}  | 	_FindDirectoryException : TOF_Core.StandardException;	 | END_VAR","3","8"
"Sources/TwinCAT.OpenFramework.FileSystem/Tasks/Directory/CreateDirectory.TcPOU","POU","CreateDirectory","{attribute 'no_explicit_call' := 'do not call this function block directly'}  | FUNCTION_BLOCK CreateDirectory EXTENDS TOF_Tasks.Task IMPLEMENTS IFileSystemTask | VAR | 	{attribute 'hide'}  | 	_ClassName : STRING := __POUNAME(); |  |     _CreateDirectory : Tc2_System.FB_CreateDir; |  | 	{attribute 'hide'}  | 	_DirectoryPathNotSpecifiedException :	TOF_Core.DataMemberNotSpecifiedException; | 	{attribute 'hide'}  | 	_InvalidPathException : InvalidPathException;	 | 	{attribute 'hide'}  | 	_CreateDirectoryException : TOF_Core.StandardException; | END_VAR","2","7"
"Sources/TwinCAT.OpenFramework.FileSystem/Tasks/Directory/CreateDirectoryIfNotExists.TcPOU","POU","CreateDirectoryIfNotExists","{attribute 'no_explicit_call' := 'do not call this function block directly'}  | FUNCTION_BLOCK CreateDirectoryIfNotExists EXTENDS TOF_Tasks.Task IMPLEMENTS IFileSystemTask | VAR | 	{attribute 'hide'}  | 	_ClassName : STRING := __POUNAME(); |  | 	_DirectoryChecking : BOOL; |  |     _EnumFindFile : Tc2_Utilities.FB_EnumFindFileEntry;	 |     _CreateDirectory : Tc2_System.FB_CreateDir; | 	 | 	_DirectoryExists : BOOL; | 	 | 	{attribute 'hide'}  | 	_DirectoryPathNotSpecifiedException : TOF_Core.DataMemberNotSpecifiedException; | 	{attribute 'hide'}  | 	_InvalidPathException : InvalidPathException;	 | 	{attribute 'hide'}  | 	_FindDirectoryException : TOF_Core.StandardException; | 	{attribute 'hide'}  | 	_CreateDirectoryException : TOF_Core.StandardException;	 | END_VAR","3","7"
"Sources/TwinCAT.OpenFramework.FileSystem/Tasks/Directory/RemoveEmptyDirectory.TcPOU","POU","RemoveEmptyDirectory","{attribute 'no_explicit_call' := 'do not call this function block directly'}  | FUNCTION_BLOCK RemoveEmptyDirectory EXTENDS TOF_Tasks.Task IMPLEMENTS IFileSystemTask | VAR | 	{attribute 'hide'}  | 	_ClassName : STRING := __POUNAME(); |  |     _DeleteDirectory : Tc2_System.FB_RemoveDir;	 |  | 	{attribute 'hide'}  | 	_DirectoryPathNotSpecifiedException :	TOF_Core.DataMemberNotSpecifiedException; | 	{attribute 'hide'}  | 	_InvalidPathException : InvalidPathException;	 | 	{attribute 'hide'}  | 	_DeleteDirectoryException : TOF_Core.StandardException; | END_VAR","2","7"
"Sources/TwinCAT.OpenFramework.FileSystem/Tasks/Directory/RemoveEmptyDirectoryIfExists.TcPOU","POU","RemoveEmptyDirectoryIfExists","{attribute 'no_explicit_call' := 'do not call this function block directly'}  | FUNCTION_BLOCK RemoveEmptyDirectoryIfExists EXTENDS TOF_Tasks.Task IMPLEMENTS IFileSystemTask | VAR | 	{attribute 'hide'}  | 	_ClassName : STRING := __POUNAME(); |  | 	_DirectoryChecking : BOOL; |  |     _EnumFindFile : Tc2_Utilities.FB_EnumFindFileEntry;	 |     _RemoveDirectory : Tc2_System.FB_RemoveDir; | 	 | 	_DirectoryExists : BOOL; |  | 	{attribute 'hide'}  | 	_DirectoryPathNotSpecifiedException : TOF_Core.DataMemberNotSpecifiedException; | 	{attribute 'hide'}  | 	_InvalidPathException : InvalidPathException;	 | 	{attribute 'hide'}  | 	_FindDirectoryException : TOF_Core.StandardException; | 	{attribute 'hide'}  | 	_RemoveDirectoryException : TOF_Core.StandardException; | END_VAR","3","7"
"Sources/TwinCAT.OpenFramework.FileSystem/Tasks/File/DeleteFile.TcPOU","POU","DeleteFile","{attribute 'no_explicit_call' := 'do not call this function block directly'}  | FUNCTION_BLOCK DeleteFile EXTENDS TOF_Tasks.Task IMPLEMENTS IFileSystemTask | VAR | 	{attribute 'hide'}  | 	_ClassName : STRING := __POUNAME(); |  |     _DeleteFile : Tc2_System.FB_FileDelete; |  | 	{attribute 'hide'}  | 	_FilePathNotSpecifiedException :	TOF_Core.DataMemberNotSpecifiedException; | 	{attribute 'hide'}  | 	_DeleteFileException : TOF_Core.StandardException; | END_VAR","2","7"
"Sources/TwinCAT.OpenFramework.FileSystem/Tasks/File/FileContent/FileContentManager.TcPOU","POU","FileContentManager","{attribute 'no_explicit_call' := 'Direct call is not allowed'}  | FUNCTION_BLOCK FileContentManager EXTENDS TOF_Tasks.TaskQueue | VAR | 	{attribute 'hide'}  | 	_ClassName : STRING := __POUNAME(); | 	 | 	{attribute 'hide'}  | 	_FileHandleResourceManager : FileHandleResourceManager; | END_VAR","2","10"
"Sources/TwinCAT.OpenFramework.FileSystem/Tasks/File/FileContent/FileHandleResource.TcPOU","POU","FileHandleResource","{attribute 'no_explicit_call' := 'Direct call is not allowed'}  | FUNCTION_BLOCK FileHandleResource EXTENDS TOF_Core.Object | VAR | 	{attribute 'hide'}  | 	_ClassName : STRING := __POUNAME(); | 	 | 	{attribute 'hide'}  | 	_FileOpen : REFERENCE TO Tc2_System.FB_FileOpen; | END_VAR","1","5"
"Sources/TwinCAT.OpenFramework.FileSystem/Tasks/File/FileContent/FileHandleResourceManager.TcPOU","POU","FileHandleResourceManager","{attribute 'no_explicit_call' := 'Direct call is not allowed'}  | FUNCTION_BLOCK FileHandleResourceManager EXTENDS TOF_Core.Object IMPLEMENTS TOF_Core.IResourceManager | VAR | 	{attribute 'hide'}  | 	_ClassName : STRING := __POUNAME(); | 	 | 	_FileOpen : Tc2_System.FB_FileOpen; | 	_FileClose : Tc2_System.FB_FileClose; | 	 | 	_FileHandleAcquired : BOOL; | 	 | 	_FileHandleResource : FileHandleResource(_FileOpen); | END_VAR","4","10"
"Sources/TwinCAT.OpenFramework.FileSystem/Tasks/File/FileContent/Tasks/CheckEndOfFile.TcPOU","POU","CheckEndOfFile","{attribute 'no_explicit_call' := 'do not call this function block directly'}  | FUNCTION_BLOCK CheckEndOfFile EXTENDS FileContentTask | VAR | 	{attribute 'hide'}  | 	_ClassName : STRING := __POUNAME(); |  |     _CheckEOF : Tc2_System.FB_EOF; |  | 	{attribute 'hide'}  | 	_FileHandleNotSpecifiedException :	TOF_Core.DataMemberNotSpecifiedException; | 	{attribute 'hide'}  | 	_CheckEofException : TOF_Core.StandardException; | END_VAR","2","6"
"Sources/TwinCAT.OpenFramework.FileSystem/Tasks/File/FileContent/Tasks/FileContentTask.TcPOU","POU","FileContentTask","FUNCTION_BLOCK ABSTRACT FileContentTask EXTENDS TOF_Tasks.Task IMPLEMENTS IFileContentTask | VAR | 	_FileHandleResource : REFERENCE TO FileHandleResource; | END_VAR","2","5"
"Sources/TwinCAT.OpenFramework.FileSystem/Tasks/File/FileContent/Tasks/GetPositionInFile.TcPOU","POU","GetPositionInFile","{attribute 'no_explicit_call' := 'do not call this function block directly'}  | FUNCTION_BLOCK GetPositionInFile EXTENDS FileContentTask | VAR | 	{attribute 'hide'}  | 	_ClassName : STRING := __POUNAME(); | 	 |     _GetPosition : Tc2_System.FB_FileTell; |  | 	{attribute 'hide'}  | 	_FileHandleSpecifiedException :	TOF_Core.DataMemberNotSpecifiedException; | 	{attribute 'hide'}  | 	_GetPositionException : TOF_Core.StandardException; | END_VAR","2","6"
"Sources/TwinCAT.OpenFramework.FileSystem/Tasks/File/FileContent/Tasks/IFileContentTask.TcIO","Itf","IFileContentTask","INTERFACE IFileContentTask EXTENDS IFileSystemTask","1","2"
"Sources/TwinCAT.OpenFramework.FileSystem/Tasks/File/FileContent/Tasks/ReadBytesFromFile.TcPOU","POU","ReadBytesFromFile","{attribute 'no_explicit_call' := 'do not call this function block directly'}  | FUNCTION_BLOCK ReadBytesFromFile EXTENDS FileContentTask | VAR | 	{attribute 'hide'}  | 	_ClassName : STRING := __POUNAME(); |  |     _ReadBytes : Tc2_System.FB_FileRead; |  | 	{attribute 'hide'}  | 	_FileHandleNotSpecifiedException :	TOF_Core.DataMemberNotSpecifiedException; | 	{attribute 'hide'}  | 	_ReadBytesException : TOF_Core.StandardException; | END_VAR","2","9"
"Sources/TwinCAT.OpenFramework.FileSystem/Tasks/File/FileContent/Tasks/ReadString255FromFile.TcPOU","POU","ReadString255FromFile","{attribute 'no_explicit_call' := 'do not call this function block directly'}  | FUNCTION_BLOCK ReadString255FromFile EXTENDS FileContentTask | VAR | 	{attribute 'hide'}  | 	_ClassName : STRING := __POUNAME(); |  |     _GetString : Tc2_System.FB_FileGets; |  | 	{attribute 'hide'}  | 	_FileHandleNotSpecifiedException :	TOF_Core.DataMemberNotSpecifiedException; | 	{attribute 'hide'}  | 	_GetStringException : TOF_Core.StandardException; | END_VAR","2","7"
"Sources/TwinCAT.OpenFramework.FileSystem/Tasks/File/FileContent/Tasks/SetPositionInFile.TcPOU","POU","SetPositionInFile","{attribute 'no_explicit_call' := 'do not call this function block directly'}  | FUNCTION_BLOCK SetPositionInFile EXTENDS FileContentTask | VAR | 	{attribute 'hide'}  | 	_ClassName : STRING := __POUNAME(); |  |     _SetPosition : Tc2_System.FB_FileSeek; |  | 	{attribute 'hide'}  | 	_FileHandleNotSpecifiedException :	TOF_Core.DataMemberNotSpecifiedException; | 	{attribute 'hide'}  | 	_SetPositionException : TOF_Core.StandardException; | END_VAR","2","7"
"Sources/TwinCAT.OpenFramework.FileSystem/Tasks/File/FileContent/Tasks/WriteBytesToFile.TcPOU","POU","WriteBytesToFile","{attribute 'no_explicit_call' := 'do not call this function block directly'}  | FUNCTION_BLOCK WriteBytesToFile EXTENDS FileContentTask | VAR | 	{attribute 'hide'}  | 	_ClassName : STRING := __POUNAME(); |  |     _WriteBytes : Tc2_System.FB_FileWrite; |  | 	{attribute 'hide'}  | 	_FileHandleNotSpecifiedException :	TOF_Core.DataMemberNotSpecifiedException; | 	{attribute 'hide'}  | 	_WriteBytesException : TOF_Core.StandardException; | END_VAR","2","8"
"Sources/TwinCAT.OpenFramework.FileSystem/Tasks/File/FileContent/Tasks/WriteString255ToFile.TcPOU","POU","WriteString255ToFile","{attribute 'no_explicit_call' := 'do not call this function block directly'}  | FUNCTION_BLOCK WriteString255ToFile EXTENDS FileContentTask | VAR | 	{attribute 'hide'}  | 	_ClassName : STRING := __POUNAME(); |  |     _PutString : Tc2_System.FB_FilePuts; |  | 	{attribute 'hide'}  | 	_FileHandleNotSpecifiedException :	TOF_Core.DataMemberNotSpecifiedException; | 	{attribute 'hide'}  | 	_PutStringException : TOF_Core.StandardException; | END_VAR","2","6"
"Sources/TwinCAT.OpenFramework.FileSystem/Tasks/File/LoadFile.TcPOU","POU","LoadFile","{attribute 'no_explicit_call' := 'do not call this function block directly'}  | FUNCTION_BLOCK LoadFile EXTENDS TOF_Tasks.Task IMPLEMENTS IFileSystemTask | VAR | 	{attribute 'hide'}  | 	_ClassName : STRING := __POUNAME(); |  |     _LoadFile : Tc2_System.FB_FileLoad;  |  | 	{attribute 'hide'}  | 	_PropertyNotSpecifiedException :	TOF_Core.DataMemberNotSpecifiedException; | 	{attribute 'hide'}  | 	_LoadFileException : TOF_Core.StandardException; | END_VAR","2","9"
"Sources/TwinCAT.OpenFramework.FileSystem/Tasks/File/RenameFile.TcPOU","POU","RenameFile","{attribute 'no_explicit_call' := 'do not call this function block directly'}  | FUNCTION_BLOCK RenameFile EXTENDS TOF_Tasks.Task IMPLEMENTS IFileSystemTask | VAR | 	{attribute 'hide'}  | 	_ClassName : STRING := __POUNAME(); |  |     _RenameFile : Tc2_System.FB_FileRename; |  | 	{attribute 'hide'}  | 	_FilePathNotSpecifiedException : TOF_Core.DataMemberNotSpecifiedException; | 	{attribute 'hide'}  | 	_RenameFileException : TOF_Core.StandardException; | END_VAR","2","8"
"Sources/TwinCAT.OpenFramework.FileSystem/Tasks/IFileSystemTask.TcIO","Itf","IFileSystemTask","INTERFACE IFileSystemTask EXTENDS TOF_Tasks.ITask","0","2"
"Sources/TwinCAT.OpenFramework.FileSystem/TwinCAT_OpenFramework_FileSystem.plcproj","Project","","","0","0"
"Sources/TwinCAT.OpenFramework.FileSystem/Version/Global_Version.TcGVL","GVL","Global_Version","{attribute 'TcGenerated'} | {attribute 'no-analysis'} | {attribute 'linkalways'} | // This function has been automatically generated from the project information. | VAR_GLOBAL CONSTANT | 	{attribute 'const_non_replaced'} | 	stLibVersion_TwinCAT_Open_Framework_File_System : ST_LibVersion := (iMajor := 1, iMinor := 0, iBuild := 10, iRevision := 0, nFlags := 0, sVersion := '1.0.10.0'); | END_VAR","0","0"
"Sources/TwinCAT.OpenFramework.IO.Models/AnalogIO/Inputs/ANALOG_INPUT_DINT_CHANNEL.TcDUT","DUT","ANALOG_INPUT_DINT_CHANNEL","TYPE ANALOG_INPUT_DINT_CHANNEL : | STRUCT | 	Status AT %I* : WORD; | 	Value AT %I* : DINT; | END_STRUCT | END_TYPE","0","0"
"Sources/TwinCAT.OpenFramework.IO.Models/AnalogIO/Inputs/ANALOG_INPUT_INT_CHANNEL.TcDUT","DUT","ANALOG_INPUT_INT_CHANNEL","TYPE ANALOG_INPUT_INT_CHANNEL : | STRUCT | 	Status AT %I* : WORD; | 	Value AT %I* : INT; | END_STRUCT | END_TYPE","0","0"
"Sources/TwinCAT.OpenFramework.IO.Models/AnalogIO/Inputs/ANALOG_INPUT_REAL_CHANNEL.TcDUT","DUT","ANALOG_INPUT_REAL_CHANNEL","TYPE ANALOG_INPUT_REAL_CHANNEL : | STRUCT | 	Status AT %I* : WORD; | 	Value AT %I* : REAL; | END_STRUCT | END_TYPE","0","0"
"Sources/TwinCAT.OpenFramework.IO.Models/AnalogIO/Inputs/EL3001/EL3001_EX.TcDUT","DUT","EL3001_EX","TYPE EL3001_EX EXTENDS EL3001 : | STRUCT | 	WcState AT %I* : BOOL; | 	InputToggle AT %I* : BOOL; | 	State AT %I* : UINT; | 	AdsAdr AT %I* : Global.AMSADDR; | END_STRUCT | END_TYPE","0","0"
"Sources/TwinCAT.OpenFramework.IO.Models/AnalogIO/Inputs/EL3001/EL3001.TcDUT","DUT","EL3001","TYPE EL3001 : | STRUCT | 	Ch1 : ANALOG_INPUT_INT_CHANNEL; | END_STRUCT | END_TYPE","0","0"
"Sources/TwinCAT.OpenFramework.IO.Models/AnalogIO/Inputs/EL3002/EL3002_EX.TcDUT","DUT","EL3002_EX","TYPE EL3002_EX EXTENDS EL3002 : | STRUCT | 	WcState AT %I* : BOOL; | 	InputToggle AT %I* : BOOL; | 	State AT %I* : UINT; | 	AdsAdr AT %I* : Global.AMSADDR; | END_STRUCT | END_TYPE","0","0"
"Sources/TwinCAT.OpenFramework.IO.Models/AnalogIO/Inputs/EL3002/EL3002.TcDUT","DUT","EL3002","TYPE EL3002 : | STRUCT | 	Ch1 : ANALOG_INPUT_INT_CHANNEL; | 	Ch2 : ANALOG_INPUT_INT_CHANNEL; | END_STRUCT | END_TYPE","0","0"
"Sources/TwinCAT.OpenFramework.IO.Models/AnalogIO/Inputs/EL3004/EL3004_EX.TcDUT","DUT","EL3004_EX","TYPE EL3004_EX EXTENDS EL3004 : | STRUCT | 	WcState AT %I* : BOOL; | 	InputToggle AT %I* : BOOL; | 	State AT %I* : UINT; | 	AdsAdr AT %I* : Global.AMSADDR; | END_STRUCT | END_TYPE","0","0"
"Sources/TwinCAT.OpenFramework.IO.Models/AnalogIO/Inputs/EL3004/EL3004.TcDUT","DUT","EL3004","TYPE EL3004 : | STRUCT | 	Ch1 : ANALOG_INPUT_INT_CHANNEL; | 	Ch2 : ANALOG_INPUT_INT_CHANNEL; | 	Ch3 : ANALOG_INPUT_INT_CHANNEL; | 	Ch4 : ANALOG_INPUT_INT_CHANNEL; | END_STRUCT | END_TYPE","0","0"
"Sources/TwinCAT.OpenFramework.IO.Models/AnalogIO/Inputs/EL3008/EL3008_EX.TcDUT","DUT","EL3008_EX","TYPE EL3008_EX EXTENDS EL3008 : | STRUCT | 	WcState AT %I* : BOOL; | 	InputToggle AT %I* : BOOL; | 	State AT %I* : UINT; | 	AdsAdr AT %I* : Global.AMSADDR; | END_STRUCT | END_TYPE","0","0"
"Sources/TwinCAT.OpenFramework.IO.Models/AnalogIO/Inputs/EL3008/EL3008.TcDUT","DUT","EL3008","TYPE EL3008 : | STRUCT | 	Ch1 : ANALOG_INPUT_INT_CHANNEL; | 	Ch2 : ANALOG_INPUT_INT_CHANNEL; | 	Ch3 : ANALOG_INPUT_INT_CHANNEL; | 	Ch4 : ANALOG_INPUT_INT_CHANNEL; | 	Ch5 : ANALOG_INPUT_INT_CHANNEL; | 	Ch6 : ANALOG_INPUT_INT_CHANNEL; | 	Ch7 : ANALOG_INPUT_INT_CHANNEL; | 	Ch8 : ANALOG_INPUT_INT_CHANNEL; | END_STRUCT | END_TYPE","0","0"
"Sources/TwinCAT.OpenFramework.IO.Models/AnalogIO/Inputs/EL3078/EL3078_EX.TcDUT","DUT","EL3078_EX","TYPE EL3078_EX EXTENDS EL3078 : | STRUCT | 	WcState AT %I* : BOOL; | 	InputToggle AT %I* : BOOL; | 	State AT %I* : UINT; | 	AdsAdr AT %I* : Global.AMSADDR; | END_STRUCT | END_TYPE","0","0"
"Sources/TwinCAT.OpenFramework.IO.Models/AnalogIO/Inputs/EL3078/EL3078.TcDUT","DUT","EL3078","TYPE EL3078 : | STRUCT | 	Ch1 : ANALOG_INPUT_REAL_CHANNEL; | 	Ch2 : ANALOG_INPUT_REAL_CHANNEL; | 	Ch3 : ANALOG_INPUT_REAL_CHANNEL; | 	Ch4 : ANALOG_INPUT_REAL_CHANNEL; | 	Ch5 : ANALOG_INPUT_REAL_CHANNEL; | 	Ch6 : ANALOG_INPUT_REAL_CHANNEL; | 	Ch7 : ANALOG_INPUT_REAL_CHANNEL; | 	Ch8 : ANALOG_INPUT_REAL_CHANNEL; | END_STRUCT | END_TYPE","0","0"
"Sources/TwinCAT.OpenFramework.IO.Models/AnalogIO/Outputs/EL4001/EL4001_EX.TcDUT","DUT","EL4001_EX","TYPE EL4001_EX EXTENDS EL4001 : | STRUCT | 	WcState AT %I* : BOOL; | 	State AT %I* : UINT; | 	AdsAddress AT %I* : Global.AMSADDR; | END_STRUCT | END_TYPE","0","0"
"Sources/TwinCAT.OpenFramework.IO.Models/AnalogIO/Outputs/EL4001/EL4001.TcDUT","DUT","EL4001","TYPE EL4001 : | STRUCT | 	Ch1 AT %Q* : INT; | END_STRUCT | END_TYPE","0","0"
"Sources/TwinCAT.OpenFramework.IO.Models/AnalogIO/Outputs/EL4002/EL4002_EX.TcDUT","DUT","EL4002_EX","TYPE EL4002_EX EXTENDS EL4002 : | STRUCT | 	WcState AT %I* : BOOL; | 	State AT %I* : UINT; | 	AdsAddress AT %I* : Global.AMSADDR; | END_STRUCT | END_TYPE","0","0"
"Sources/TwinCAT.OpenFramework.IO.Models/AnalogIO/Outputs/EL4002/EL4002.TcDUT","DUT","EL4002","TYPE EL4002 : | STRUCT | 	Ch1 AT %Q* : INT; | 	Ch2 AT %Q* : INT; | END_STRUCT | END_TYPE","0","0"
"Sources/TwinCAT.OpenFramework.IO.Models/AnalogIO/Outputs/EL4004/EL4004_EX.TcDUT","DUT","EL4004_EX","TYPE EL4004_EX EXTENDS EL4004 : | STRUCT | 	WcState AT %I* : BOOL; | 	State AT %I* : UINT; | 	AdsAddress AT %I* : Global.AMSADDR; | END_STRUCT | END_TYPE","0","0"
"Sources/TwinCAT.OpenFramework.IO.Models/AnalogIO/Outputs/EL4004/EL4004.TcDUT","DUT","EL4004","TYPE EL4004 : | STRUCT | 	Ch1 AT %Q* : INT; | 	Ch2 AT %Q* : INT; | 	Ch3 AT %Q* : INT; | 	Ch4 AT %Q* : INT; | END_STRUCT | END_TYPE","0","0"
"Sources/TwinCAT.OpenFramework.IO.Models/AnalogIO/Outputs/EL4008/EL4008_EX.TcDUT","DUT","EL4008_EX","TYPE EL4008_EX EXTENDS EL4008 : | STRUCT | 	WcState AT %I* : BOOL; | 	State AT %I* : UINT; | 	AdsAddress AT %I* : Global.AMSADDR; | END_STRUCT | END_TYPE","0","0"
"Sources/TwinCAT.OpenFramework.IO.Models/AnalogIO/Outputs/EL4008/EL4008.TcDUT","DUT","EL4008","TYPE EL4008 : | STRUCT | 	Ch1 AT %Q* : INT; | 	Ch2 AT %Q* : INT; | 	Ch3 AT %Q* : INT; | 	Ch4 AT %Q* : INT; | 	Ch5 AT %Q* : INT; | 	Ch6 AT %Q* : INT; | 	Ch7 AT %Q* : INT; | 	Ch8 AT %Q* : INT; | END_STRUCT | END_TYPE","0","0"
"Sources/TwinCAT.OpenFramework.IO.Models/DigitalIO/Inputs/EL1002/EL1002_EX.TcDUT","DUT","EL1002_EX","TYPE EL1002_EX EXTENDS EL1002: | STRUCT | 	WcState AT %I* : BOOL; | 	InputToggle AT %I* : BOOL; | 	State AT %I* : UINT; | END_STRUCT | END_TYPE","0","0"
"Sources/TwinCAT.OpenFramework.IO.Models/DigitalIO/Inputs/EL1002/EL1002.TcDUT","DUT","EL1002","TYPE EL1002 : | STRUCT | 	Ch1 AT %I* : BOOL; | 	Ch2 AT %I* : BOOL; | END_STRUCT | END_TYPE","0","0"
"Sources/TwinCAT.OpenFramework.IO.Models/DigitalIO/Inputs/EL1004/EL1004_EX.TcDUT","DUT","EL1004_EX","TYPE EL1004_EX EXTENDS EL1004: | STRUCT | 	WcState AT %I* : BOOL; | 	InputToggle AT %I* : BOOL; | 	State AT %I* : UINT; | END_STRUCT | END_TYPE","0","0"
"Sources/TwinCAT.OpenFramework.IO.Models/DigitalIO/Inputs/EL1004/EL1004.TcDUT","DUT","EL1004","TYPE EL1004 : | STRUCT | 	Ch1 AT %I* : BOOL; | 	Ch2 AT %I* : BOOL; | 	Ch3 AT %I* : BOOL; | 	Ch4 AT %I* : BOOL; | END_STRUCT | END_TYPE","0","0"
"Sources/TwinCAT.OpenFramework.IO.Models/DigitalIO/Inputs/EL1018/EL1018_EX.TcDUT","DUT","EL1018_EX","TYPE EL1018_EX EXTENDS EL1018: | STRUCT | 	WcState AT %I* : BOOL; | 	InputToggle AT %I* : BOOL; | 	State AT %I* : UINT; | END_STRUCT | END_TYPE","0","0"
"Sources/TwinCAT.OpenFramework.IO.Models/DigitalIO/Inputs/EL1018/EL1018.TcDUT","DUT","EL1018","TYPE EL1018 : | STRUCT | 	Ch1 AT %I* : BOOL; | 	Ch2 AT %I* : BOOL; | 	Ch3 AT %I* : BOOL; | 	Ch4 AT %I* : BOOL; | 	Ch5 AT %I* : BOOL; | 	Ch6 AT %I* : BOOL; | 	Ch7 AT %I* : BOOL; | 	Ch8 AT %I* : BOOL; | END_STRUCT | END_TYPE","0","0"
"Sources/TwinCAT.OpenFramework.IO.Models/DigitalIO/Inputs/EL1809/EL1809_EX.TcDUT","DUT","EL1809_EX","TYPE EL1809_EX EXTENDS EL1809: | STRUCT | 	WcState AT %I* : BOOL; | 	InputToggle AT %I* : BOOL; | 	State AT %I* : UINT; | END_STRUCT | END_TYPE","0","0"
"Sources/TwinCAT.OpenFramework.IO.Models/DigitalIO/Inputs/EL1809/EL1809.TcDUT","DUT","EL1809","TYPE EL1809 : | STRUCT | 	Ch01 AT %I* : BOOL; | 	Ch02 AT %I* : BOOL; | 	Ch03 AT %I* : BOOL; | 	Ch04 AT %I* : BOOL; | 	Ch05 AT %I* : BOOL; | 	Ch06 AT %I* : BOOL; | 	Ch07 AT %I* : BOOL; | 	Ch08 AT %I* : BOOL; | 	Ch09 AT %I* : BOOL; | 	Ch10 AT %I* : BOOL; | 	Ch11 AT %I* : BOOL; | 	Ch12 AT %I* : BOOL; | 	Ch13 AT %I* : BOOL; | 	Ch14 AT %I* : BOOL; | 	Ch15 AT %I* : BOOL; | 	Ch16 AT %I* : BOOL;	 | END_STRUCT | END_TYPE","0","0"
"Sources/TwinCAT.OpenFramework.IO.Models/DigitalIO/Outputs/EL2002/EL2002_EX.TcDUT","DUT","EL2002_EX","TYPE EL2002_EX EXTENDS EL2002 : | STRUCT | 	WcState AT %I* : BOOL; | 	State AT %I* : UINT; | END_STRUCT | END_TYPE","0","0"
"Sources/TwinCAT.OpenFramework.IO.Models/DigitalIO/Outputs/EL2002/EL2002.TcDUT","DUT","EL2002","TYPE EL2002 : | STRUCT | 	Ch1 AT %Q* : BOOL; | 	Ch2 AT %Q* : BOOL; | END_STRUCT | END_TYPE","0","0"
"Sources/TwinCAT.OpenFramework.IO.Models/DigitalIO/Outputs/EL2004/EL2004_EX.TcDUT","DUT","EL2004_EX","TYPE EL2004_EX EXTENDS EL2004 : | STRUCT | 	WcState AT %I* : BOOL; | 	State AT %I* : UINT; | END_STRUCT | END_TYPE","0","0"
"Sources/TwinCAT.OpenFramework.IO.Models/DigitalIO/Outputs/EL2004/EL2004.TcDUT","DUT","EL2004","TYPE EL2004 : | STRUCT | 	Ch1 AT %Q* : BOOL; | 	Ch2 AT %Q* : BOOL; | 	Ch3 AT %Q* : BOOL; | 	Ch4 AT %Q* : BOOL; | END_STRUCT | END_TYPE","0","0"
"Sources/TwinCAT.OpenFramework.IO.Models/DigitalIO/Outputs/EL2008/EL2008_EX.TcDUT","DUT","EL2008_EX","TYPE EL2008_EX EXTENDS EL2008 : | STRUCT | 	WcState AT %I* : BOOL; | 	State AT %I* : UINT; | END_STRUCT | END_TYPE","0","0"
"Sources/TwinCAT.OpenFramework.IO.Models/DigitalIO/Outputs/EL2008/EL2008.TcDUT","DUT","EL2008","TYPE EL2008 : | STRUCT | 	Ch1 AT %Q* : BOOL; | 	Ch2 AT %Q* : BOOL; | 	Ch3 AT %Q* : BOOL; | 	Ch4 AT %Q* : BOOL; | 	Ch5 AT %Q* : BOOL; | 	Ch6 AT %Q* : BOOL; | 	Ch7 AT %Q* : BOOL; | 	Ch8 AT %Q* : BOOL; | END_STRUCT | END_TYPE","0","0"
"Sources/TwinCAT.OpenFramework.IO.Models/DigitalIO/Outputs/EL2409/EL2409_EX.TcDUT","DUT","EL2409_EX","TYPE EL2409_EX EXTENDS EL2409 : | STRUCT | 	WcState AT %I* : BOOL; | 	State AT %I* : UINT; | END_STRUCT | END_TYPE","0","0"
"Sources/TwinCAT.OpenFramework.IO.Models/DigitalIO/Outputs/EL2409/EL2409.TcDUT","DUT","EL2409","TYPE EL2409 : | STRUCT | 	Ch01 AT %Q* : BOOL; | 	Ch02 AT %Q* : BOOL; | 	Ch03 AT %Q* : BOOL; | 	Ch04 AT %Q* : BOOL; | 	Ch05 AT %Q* : BOOL; | 	Ch06 AT %Q* : BOOL; | 	Ch07 AT %Q* : BOOL; | 	Ch08 AT %Q* : BOOL; | 	Ch09 AT %Q* : BOOL; | 	Ch10 AT %Q* : BOOL; | 	Ch11 AT %Q* : BOOL; | 	Ch12 AT %Q* : BOOL; | 	Ch13 AT %Q* : BOOL; | 	Ch14 AT %Q* : BOOL; | 	Ch15 AT %Q* : BOOL; | 	Ch16 AT %Q* : BOOL; | END_STRUCT | END_TYPE","0","0"
"Sources/TwinCAT.OpenFramework.IO.Models/Internal/CurrentNamespace.TcPOU","POU","CurrentNamespace","{attribute 'no_explicit_call' := 'do not call this POU directly'} | PROGRAM INTERNAL CurrentNamespace | VAR | 	{attribute 'hide'}  | 	_NamespaceExtractor : NamespaceExtractor; | END_VAR","0","1"
"Sources/TwinCAT.OpenFramework.IO.Models/Internal/NamespaceExtractor.TcPOU","POU","NamespaceExtractor","FUNCTION_BLOCK INTERNAL NamespaceExtractor | VAR_OUTPUT | 	{attribute 'init_namespace'}  | 	CurrentNamespace : STRING; 	 | END_VAR","0","0"
"Sources/TwinCAT.OpenFramework.IO.Models/Serial/EL6022/EL6022_CHANNEL.TcDUT","DUT","EL6022_CHANNEL","TYPE EL6022_CHANNEL : | STRUCT | 	InData AT %I* : EL6xxx22ByteInData; | 	OutData AT %Q* : EL6xxx22ByteOutData; | END_STRUCT | END_TYPE","0","0"
"Sources/TwinCAT.OpenFramework.IO.Models/Serial/EL6022/EL6022_EX.TcDUT","DUT","EL6022_EX","TYPE EL6022_EX EXTENDS EL6022 : | STRUCT | 	WcState AT %I* : BOOL; | 	InputToggle AT %I* : BOOL; | 	State AT %I* : UINT; | 	AdsAdr AT %I* : Global.AMSADDR; | END_STRUCT | END_TYPE","0","0"
"Sources/TwinCAT.OpenFramework.IO.Models/Serial/EL6022/EL6022.TcDUT","DUT","EL6022","TYPE EL6022 : | STRUCT | 	Ch1 : EL6022_CHANNEL; | 	Ch2 : EL6022_CHANNEL; | END_STRUCT | END_TYPE","0","0"
"Sources/TwinCAT.OpenFramework.IO.Models/Serial/EL6xxx22ByteInData.TcDUT","DUT","EL6xxx22ByteInData","TYPE EL6xxx22ByteInData : | STRUCT | 	Status : WORD;      | 	Data : ARRAY [0..21] OF BYTE;  | END_STRUCT | END_TYPE","0","0"
"Sources/TwinCAT.OpenFramework.IO.Models/Serial/EL6xxx22ByteOutData.TcDUT","DUT","EL6xxx22ByteOutData","TYPE EL6xxx22ByteOutData : | STRUCT | 	Control : WORD;      | 	Data : ARRAY [0..21] OF BYTE;  | END_STRUCT | END_TYPE","0","0"
"Sources/TwinCAT.OpenFramework.IO.Models/TwinCAT_OpenFramework_IO_Models.plcproj","Project","","","0","0"
"Sources/TwinCAT.OpenFramework.IO.Models/Version/Global_Version.TcGVL","GVL","Global_Version","{attribute 'TcGenerated'} | {attribute 'no-analysis'} | {attribute 'linkalways'} | // This function has been automatically generated from the project information. | VAR_GLOBAL CONSTANT | 	{attribute 'const_non_replaced'} | 	stLibVersion_TwinCAT_Open_Framework_IO_Models : ST_LibVersion := (iMajor := 1, iMinor := 0, iBuild := 10, iRevision := 0, nFlags := 0, sVersion := '1.0.10.0'); | END_VAR","0","0"
"Sources/TwinCAT.OpenFramework.JSON/AutomaticJsonSerializer.TcPOU","POU","AutomaticJsonSerializer","{attribute 'no_explicit_call' := 'Direct call is not allowed'}  | FUNCTION_BLOCK AutomaticJsonSerializer EXTENDS TOF_Core.Object | VAR | 	{attribute 'hide'}  | 	_ClassName : STRING := __POUNAME(); | 	 | 	_JsonSaxWriter : Tc3_JsonXml.FB_JsonSaxWriter; | 	_JsonDataTypeWriter : Tc3_JsonXml.FB_JsonReadWriteDatatype; | END_VAR","11","4"
"Sources/TwinCAT.OpenFramework.JSON/IJsonExtender.TcIO","Itf","IJsonExtender","INTERFACE IJsonExtender","2","0"
"Sources/TwinCAT.OpenFramework.JSON/Internal/CurrentNamespace.TcPOU","POU","CurrentNamespace","{attribute 'no_explicit_call' := 'do not call this POU directly'} | PROGRAM INTERNAL CurrentNamespace | VAR | 	{attribute 'hide'}  | 	_NamespaceExtractor : NamespaceExtractor; | END_VAR","0","1"
"Sources/TwinCAT.OpenFramework.JSON/Internal/NamespaceExtractor.TcPOU","POU","NamespaceExtractor","FUNCTION_BLOCK INTERNAL NamespaceExtractor | VAR_OUTPUT | 	{attribute 'init_namespace'}  | 	CurrentNamespace : STRING; 	 | END_VAR","0","0"
"Sources/TwinCAT.OpenFramework.JSON/TwinCAT_OpenFramework_JSON.plcproj","Project","","","0","0"
"Sources/TwinCAT.OpenFramework.JSON/Version/Global_Version.TcGVL","GVL","Global_Version","{attribute 'TcGenerated'} | {attribute 'no-analysis'} | {attribute 'linkalways'} | // This function has been automatically generated from the project information. | VAR_GLOBAL CONSTANT | 	{attribute 'const_non_replaced'} | 	stLibVersion_TwinCAT_Open_Framework_JSON : ST_LibVersion := (iMajor := 1, iMinor := 0, iBuild := 10, iRevision := 0, nFlags := 0, sVersion := '1.0.10.0'); | END_VAR","0","0"
"Sources/TwinCAT.OpenFramework.Loggers/EventLogger/EventLogger.TcPOU","POU","EventLogger","{attribute 'no_explicit_call' := 'do not call this function block directly'}  | FUNCTION_BLOCK EventLogger EXTENDS TOF_Core.Object IMPLEMENTS TOF_Core.ILogger | VAR | 	{attribute 'hide'}  | 	_ClassName : STRING := __POUNAME(); | 	 | 	_EventLogger : Tc3_EventLogger.FB_TcEventLogger; | 	 | 	_DebugEventType : Global.TcEventEntry; | 	_InformationEventType : Global.TcEventEntry; | 	_WarningEventType : Global.TcEventEntry; | 	_ErrorEventType : Global.TcEventEntry; | 	_CriticlErrorEventType : Global.TcEventEntry;	 | END_VAR","6","3"
"Sources/TwinCAT.OpenFramework.Loggers/FileLogger/SIMPLE_TEXT_FILE_LOGGER_STATE.TcDUT","DUT","SIMPLE_TEXT_FILE_LOGGER_STATE","{attribute 'qualified_only'} | {attribute 'strict'} | {attribute 'to_string'} | TYPE SIMPLE_TEXT_FILE_LOGGER_STATE : | ( | 	INITIAL, | 	CREATING_DIRECTORY,  | 	LOGGING,  | 	FAILED | ); | END_TYPE","0","0"
"Sources/TwinCAT.OpenFramework.Loggers/FileLogger/SimpleTextFileLogger.TcPOU","POU","SimpleTextFileLogger","{attribute 'no_explicit_call' := 'do not call this function block directly'}  | FUNCTION_BLOCK SimpleTextFileLogger EXTENDS TOF_Core.Object IMPLEMENTS TOF_Core.ILogger | VAR | 	_ClassName : STRING := __POUNAME(); | 	 | 	{attribute 'hide'}  | 	_State : SIMPLE_TEXT_FILE_LOGGER_STATE; | 	{attribute 'hide'}  | 	_ErrorMessage : TOF_Core.ERROR_MESSAGE; | 	 | 	_LogFilePrefix : STRING(32); |  | 	_CreateDirectoryIfNotExists : TOF_FileSystem.CreateDirectoryIfNotExists;	 | 	 | 	_FileContentManager : TOF_FileSystem.FileContentManager; | 	_RecordsPerFile : UINT; | 	_WriteBytesTask : TOF_FileSystem.WriteBytesToFile; | 	 | 	_MaxRecordsPerFile : UINT := 100; | 	 | 	_MessageBuffer : TOF_Collections.List<0>(0); | 	_SendBuffer : TOF_Collections.ByteList<0>; | 	 | 	_LogFileCounter : UDINT; | 	 | 	{attribute 'hide'}  | 	_CreateDirectoryException : TOF_Core.StandardException; | 	{attribute 'hide'}  | 	_LogNewMessageException : TOF_Core.StandardException; | 	{attribute 'hide'}  | 	_FilePathOverflowException : TOF_Core.StringOwerflowException;	 | END_VAR","7","12"
"Sources/TwinCAT.OpenFramework.Loggers/Internal/CurrentNamespace.TcPOU","POU","CurrentNamespace","{attribute 'no_explicit_call' := 'do not call this POU directly'} | PROGRAM INTERNAL CurrentNamespace | VAR | 	{attribute 'hide'}  | 	_NamespaceExtractor : NamespaceExtractor; | END_VAR","0","1"
"Sources/TwinCAT.OpenFramework.Loggers/Internal/NamespaceExtractor.TcPOU","POU","NamespaceExtractor","FUNCTION_BLOCK INTERNAL NamespaceExtractor | VAR_OUTPUT | 	{attribute 'init_namespace'}  | 	CurrentNamespace : STRING; 	 | END_VAR","0","0"
"Sources/TwinCAT.OpenFramework.Loggers/TwinCAT_OpenFramework_Loggers.plcproj","Project","","","0","0"
"Sources/TwinCAT.OpenFramework.Loggers/Version/Global_Version.TcGVL","GVL","Global_Version","{attribute 'TcGenerated'} | {attribute 'no-analysis'} | {attribute 'linkalways'} | // This function has been automatically generated from the project information. | VAR_GLOBAL CONSTANT | 	{attribute 'const_non_replaced'} | 	stLibVersion_TwinCAT_Open_Framework_Loggers : ST_LibVersion := (iMajor := 1, iMinor := 0, iBuild := 10, iRevision := 0, nFlags := 0, sVersion := '1.0.10.0'); | END_VAR","0","0"
"Sources/TwinCAT.OpenFramework.Samples/CurrentNamespace.TcGVL","GVL","CurrentNamespace","{attribute 'qualified_only'} | VAR_GLOBAL | 	Name : STRING := 'TOF_Samples'; | END_VAR","0","0"
"Sources/TwinCAT.OpenFramework.Samples/Intersection/HmiFacade/HMI_INTERSECTION_CONTROLLER_COMMANDS.TcDUT","DUT","HMI_INTERSECTION_CONTROLLER_COMMANDS","TYPE HMI_INTERSECTION_CONTROLLER_COMMANDS : | STRUCT | 	TurnOn : BOOL; | 	TurnOff : BOOL; |  | 	SetYellowFlashingModeOn : BOOL; | 	SetYellowFlashingModeOff : BOOL; | 	 | 	SetSwitchingSpeedCorrectionPercent : BOOL; | 	SwitchingSpeedCorrectionPercent : SPEED_CORRECTION_PERCENT; | 	 | 	ThrowExceptionInDemoExceptionGenerator : BOOL; | 	ExceptionMessage : STRING(255) := 'Test error message'; | 	ExceptionIsCritical : BOOL; | END_STRUCT | END_TYPE","0","0"
"Sources/TwinCAT.OpenFramework.Samples/Intersection/HmiFacade/HMI_INTERSECTION_CONTROLLER_STATUSES.TcDUT","DUT","HMI_INTERSECTION_CONTROLLER_STATUSES","TYPE HMI_INTERSECTION_CONTROLLER_STATUSES : | STRUCT | 	Mode : INTERSECTION_MODE; | 	ModeName : STRING(20); | 	 | 	LightsState : INTERSECTION_LIGHTS_STATE; | 	LightsStateName : STRING(20); | 	 | 	SwitchingSpeedCorrectionPercent : SINT(-20..+20); | END_STRUCT | END_TYPE","0","0"
"Sources/TwinCAT.OpenFramework.Samples/Intersection/HmiFacade/HmiIntersectionController.TcPOU","POU","HmiIntersectionController","{attribute 'no_explicit_call' := 'do not call this function block directly'}  | FUNCTION_BLOCK HmiIntersectionController EXTENDS TOF_Automation.HmiAutomationComponentElement IMPLEMENTS TOF_Automation.IAutomationControllerPlugin | VAR_INPUT | 	Commands : HMI_INTERSECTION_CONTROLLER_COMMANDS; | END_VAR | VAR_OUTPUT | 	Statuses : HMI_INTERSECTION_CONTROLLER_STATUSES; | 	 | 	TrafficLight1 : HmiTrafficLight; | 	TrafficLight2 : HmiTrafficLight; | 	TrafficLight3 : HmiTrafficLight; | 	TrafficLight4 : HmiTrafficLight; | END_VAR | VAR	 | 	{attribute 'hide'}  | 	_ClassName : STRING := __POUNAME(); |  | 	{attribute 'hide'}  | 	_TrafficLights : ARRAY [1..IntersectionConstants.TRAFFIC_LIGHTS_PER_GROUP * 2] OF POINTER TO HmiTrafficLight := | 	[ | 		ADR(TrafficLight1), | 		ADR(TrafficLight2), | 		ADR(TrafficLight3), | 		ADR(TrafficLight4) | 	]; | END_VAR","2","3"
"Sources/TwinCAT.OpenFramework.Samples/Intersection/HmiFacade/TrafficLight/HMI_TRAFFIC_LIGHT_STATUSES.TcDUT","DUT","HMI_TRAFFIC_LIGHT_STATUSES","TYPE HMI_TRAFFIC_LIGHT_STATUSES : | STRUCT | 	RedLightIsActive : BOOL;	 | 	YellowLightIsActive : BOOL;	 | 	GreenLightIsActive : BOOL;	 | END_STRUCT | END_TYPE","0","0"
"Sources/TwinCAT.OpenFramework.Samples/Intersection/HmiFacade/TrafficLight/HmiTrafficLight.TcPOU","POU","HmiTrafficLight","{attribute 'no_explicit_call' := 'do not call this function block directly'}  | FUNCTION_BLOCK HmiTrafficLight EXTENDS TOF_Automation.HmiAutomationComponentElement | VAR_OUTPUT | 	Statuses : HMI_TRAFFIC_LIGHT_STATUSES; | END_VAR | VAR	 | 	{attribute 'hide'}  | 	_ClassName : STRING := __POUNAME(); | END_VAR","2","2"
"Sources/TwinCAT.OpenFramework.Samples/Intersection/Intersection.TcVIS","Visu","Intersection","","0","0"
"Sources/TwinCAT.OpenFramework.Samples/Intersection/IntersectionConstants.TcGVL","GVL","IntersectionConstants","{attribute 'qualified_only'} | VAR_GLOBAL CONSTANT | 	RED_GREEN_LIGHT_INTERVAL : TIME := T#5000MS; | 	YELLOW_LIGHT_INTERVAL : TIME := T#1000MS; | 	FLASHING_YELLOW_LIGHT_INTERVAL : TIME := T#1000MS; |  | 	MIN_LIGHT_SWITCH_SPEED_CORECTION_PERCENT : SINT := -30;	 | 	MAX_LIGHT_SWITCH_SPEED_CORECTION_PERCENT : SINT := +30;	 |  | 	TRAFFIC_LIGHTS_PER_GROUP : BYTE := 2; | 	TOTAL_TRAFFIC_LIGHTS : BYTE := TRAFFIC_LIGHTS_PER_GROUP * 2; | END_VAR","0","0"
"Sources/TwinCAT.OpenFramework.Samples/Intersection/IntersectionController/DemoExceptionGenerator/DemoExceptionGenerator.TcPOU","POU","DemoExceptionGenerator","FUNCTION_BLOCK DemoExceptionGenerator EXTENDS TOF_Automation.InputLeafAutomationComponent IMPLEMENTS IDemoExceptionGenerator | VAR | 	{attribute 'hide'}  | 	_ClassName : STRING := __POUNAME(); | 	 | 	_ExceptionMessage : STRING(255); | 	_IsCritical : BOOL; |  	 | 	_Throw : BOOL; 	 | END_VAR","2","3"
"Sources/TwinCAT.OpenFramework.Samples/Intersection/IntersectionController/DemoExceptionGenerator/Exception/DemoException.TcPOU","POU","DemoException","{attribute 'no_explicit_call' := 'do not call this function block directly'}  | {attribute 'enable_dynamic_creation'}		 | FUNCTION_BLOCK DemoException EXTENDS TOF_Core.GeneralException IMPLEMENTS IDemoException | VAR | 	{attribute 'hide'}  | 	_ClassName : STRING := __POUNAME(); | 	 | 	{attribute 'hide'}  | 	_IsCritical : BOOL;	 | END_VAR","2","4"
"Sources/TwinCAT.OpenFramework.Samples/Intersection/IntersectionController/DemoExceptionGenerator/Exception/IDemoException.TcIO","Itf","IDemoException","INTERFACE IDemoException EXTENDS TOF_Core.IGeneralException","1","1"
"Sources/TwinCAT.OpenFramework.Samples/Intersection/IntersectionController/DemoExceptionGenerator/ExceptionHandlingPolicy/DemoExceptionHandlingPolicy.TcPOU","POU","DemoExceptionHandlingPolicy","{attribute 'no_explicit_call' := 'do not call this function block directly'}  | FUNCTION_BLOCK DemoExceptionHandlingPolicy EXTENDS TOF_Core.Object IMPLEMENTS TOF_Core.IExceptionHandlingPolicy | VAR | 	{attribute 'hide'}  | 	_ClassName : STRING := __POUNAME(); | END_VAR","1","3"
"Sources/TwinCAT.OpenFramework.Samples/Intersection/IntersectionController/DemoExceptionGenerator/IDemoExceptionGenerator.TcIO","Itf","IDemoExceptionGenerator","INTERFACE IDemoExceptionGenerator EXTENDS TOF_Automation.IInputLeafAutomationComponent","1","0"
"Sources/TwinCAT.OpenFramework.Samples/Intersection/IntersectionController/IIntersectionController.TcIO","Itf","IIntersectionController","INTERFACE IIntersectionController EXTENDS TOF_Automation.IAutomationController","6","13"
"Sources/TwinCAT.OpenFramework.Samples/Intersection/IntersectionController/INTERSECTION_LIGHTS_STATE.TcDUT","DUT","INTERSECTION_LIGHTS_STATE","{attribute 'qualified_only'} | {attribute 'strict'} | {attribute 'to_string'} | TYPE INTERSECTION_LIGHTS_STATE : | ( | 	ALL_OFF := 0, | 	ALL_YELLOW, | 	GROUP1_GREEN_GROUP2_RED, | 	GROUP1_RED_GROUP2_GREEN | ); | END_TYPE","0","0"
"Sources/TwinCAT.OpenFramework.Samples/Intersection/IntersectionController/INTERSECTION_MODE.TcDUT","DUT","INTERSECTION_MODE","{attribute 'qualified_only'} | {attribute 'strict'} | {attribute 'to_string'} | TYPE INTERSECTION_MODE : | ( | 	OFF, | 	WORKING, | 	FLASHING_YELLOW | ); | END_TYPE","0","0"
"Sources/TwinCAT.OpenFramework.Samples/Intersection/IntersectionController/IntersectionController.TcPOU","POU","IntersectionController","{attribute 'no_explicit_call' := 'do not call this function block directly'}  | FUNCTION_BLOCK IntersectionController EXTENDS TOF_Automation.AutomationController<12> IMPLEMENTS IIntersectionController | VAR	 | 	{attribute 'hide'}  | 	_ClassName : STRING := __POUNAME(); |  | 	{attribute 'hide'}  | 	_IsOn : BOOL; | 	{attribute 'hide'}  | 	_FlashingYellowModeOn : BOOL; | 	{attribute 'hide'}  | 	_SwitchingSpeedCorrectionPercent : SPEED_CORRECTION_PERCENT; | 	 | 	{attribute 'hide'}  | 	_LightsState : INTERSECTION_LIGHTS_STATE; | 	{attribute 'hide'}  | 	_NextState : INTERSECTION_LIGHTS_STATE; | 	 | 	{region ""Device instances""} |  | 	_ResetButton : TOF_Devices_IO.DigitalInput(""ResetButton"", THIS^); | 	 | 	_TurnOnButton : TOF_Devices_IO.DigitalInput(""TurnOnButton"", THIS^); | 	_TurnOffButton : TOF_Devices_IO.DigitalInput(""TurnOffButton"", THIS^); | 	 | 	_SetYellowFlashingModeOnButton : TOF_Devices_IO.DigitalInput(""SetYellowFlashingModeOnButton"", THIS^); | 	_SetYellowFlashingModeOffButton : TOF_Devices_IO.DigitalInput(""SetYellowFlashingModeOffButton"", THIS^); | 	 | 	_AdjustSpeedButton : TOF_Devices_IO.DigitalInput(""AdjustSpeedButton"", THIS^); | 	_SpeedAdjusterConverter : TOF_Devices_IO.StaticRangeAnalogValueConverter( | 		minAnalogValue := -20, | 		maxAnalogValue := +20, | 		minRawValue := TOF_Devices_IO.RawAnalogValues.FromInt16(TOF_Core.SignedInt16.MIN_VALUE), | 		maxRawValue := TOF_Devices_IO.RawAnalogValues.FromInt16(TOF_Core.SignedInt16.MAX_VALUE) | 	); | 	_SwitchSpeedAdjuster : TOF_Devices_IO.AnalogInput(""SwitchSpeedAdjuster"", THIS^, _SpeedAdjusterConverter); | 	 | 	_TrafficLight1 : TrafficLight(""TrafficLight1"", THIS^); | 	_TrafficLight2 : TrafficLight(""TrafficLight2"", THIS^); | 	_TrafficLight3 : TrafficLight(""TrafficLight3"", THIS^); | 	_TrafficLight4 : TrafficLight(""TrafficLight4"", THIS^); | 	 | 	{attribute 'hide'} 	 | 	_DemoExceptionHandlingPolicy : DemoExceptionHandlingPolicy; | 	_DemoExceptionGenerator : DemoExceptionGenerator(""WatchdogDevice"", THIS^); | 	 |  	{endregion} 	 |  | 	{region ""Device related collections""} |  | 	{attribute 'hide'}  | 	_Devices : ARRAY [0.._ChildCount - 1] OF TOF_Automation.IChildAutomationComponent :=  | 	[ | 		_ResetButton, | 		_TurnOnButton,  | 		_TurnOffButton,  | 		_SetYellowFlashingModeOnButton,  | 		_SetYellowFlashingModeOffButton, | 		_AdjustSpeedButton,  | 		_SwitchSpeedAdjuster,  | 		_TrafficLight1,  | 		_TrafficLight2,  | 		_TrafficLight3,  | 		_TrafficLight4, | 		_DemoExceptionGenerator | 	]; |  | 	{attribute 'hide'}  | 	_TrafficLights : ARRAY [1..IntersectionConstants.TOTAL_TRAFFIC_LIGHTS] OF ITrafficLight := | 	[ | 		_TrafficLight1,  | 		_TrafficLight2,  | 		_TrafficLight3,		 | 		_TrafficLight4		 | 	]; | 	{attribute 'hide'}  | 	_ReadOnlyTrafficLights : POINTER TO ARRAY [1..IntersectionConstants.TOTAL_TRAFFIC_LIGHTS] OF IReadOnlyTrafficLight := ADR(_TrafficLights); | 	 | 	{attribute 'hide'}  | 	_SignalGroup1 : ARRAY [1..IntersectionConstants.TRAFFIC_LIGHTS_PER_GROUP] OF ITrafficLight := | 	[ | 		_TrafficLight1,  | 		_TrafficLight3		 | 	]; | 	{attribute 'hide'}  | 	_ReadOnlySignalGroup1 : POINTER TO ARRAY [1..IntersectionConstants.TRAFFIC_LIGHTS_PER_GROUP] OF IReadOnlyTrafficLight := ADR(_SignalGroup1); | 	 | 	{attribute 'hide'}  | 	_SignalGroup2 : ARRAY [1..IntersectionConstants.TRAFFIC_LIGHTS_PER_GROUP] OF ITrafficLight := | 	[ | 		_TrafficLight2,  | 		_TrafficLight4		 | 	]; | 	{attribute 'hide'}  | 	_ReadOnlySignalGroup2 : POINTER TO ARRAY [1..IntersectionConstants.TRAFFIC_LIGHTS_PER_GROUP] OF IReadOnlyTrafficLight := ADR(_SignalGroup2); | 	 |  	{endregion} 	 | 	 | 	{region ""Timers""} | 	 | 	_RedGreenLightTimer : TOF_Timers.Timer; | 	_YellowLightTimer : TOF_Timers.Timer; |  | 	_FlashingYellowLightTimer : TOF_Timers.Timer; | 	 | 	{endregion} | END_VAR","23","18"
"Sources/TwinCAT.OpenFramework.Samples/Intersection/IntersectionController/TrafficLight/ActionDescriptors/ITrySetLightActionDescriptor.TcIO","Itf","ITrySetLightActionDescriptor","INTERFACE ITrySetLightActionDescriptor EXTENDS TOF_Core.INamed","0","1"
"Sources/TwinCAT.OpenFramework.Samples/Intersection/IntersectionController/TrafficLight/ActionDescriptors/TrySetLightActionDescriptor.TcPOU","POU","TrySetLightActionDescriptor","FUNCTION_BLOCK TrySetLightActionDescriptor EXTENDS TOF_Core.Object IMPLEMENTS ITrySetLightActionDescriptor | VAR | 	{attribute 'hide'}  | 	_ClassName : STRING := __POUNAME(); | 	 | 	{attribute 'hide'}  | 	_Name : WSTRING := ""TrySetLight""; |  | 	{attribute 'hide'}  | 	_NewColor : TRAFFIC_LIGHT_COLOR; | END_VAR","0","5"
"Sources/TwinCAT.OpenFramework.Samples/Intersection/IntersectionController/TrafficLight/IReadOnlyTrafficLight.TcIO","Itf","IReadOnlyTrafficLight","INTERFACE IReadOnlyTrafficLight EXTENDS TOF_Automation.ICompositeAutomationComponent, TOF_Core.IIOBindable","0","4"
"Sources/TwinCAT.OpenFramework.Samples/Intersection/IntersectionController/TrafficLight/ITrafficLight.TcIO","Itf","ITrafficLight","INTERFACE ITrafficLight EXTENDS IReadOnlyTrafficLight","1","0"
"Sources/TwinCAT.OpenFramework.Samples/Intersection/IntersectionController/TrafficLight/TRAFFIC_LIGHT_COLOR.TcDUT","DUT","TRAFFIC_LIGHT_COLOR","{attribute 'qualified_only'} | {attribute 'strict'} | {attribute 'to_string'} | TYPE TRAFFIC_LIGHT_COLOR : | ( | 	NO_COLOR := 0, | 	RED, | 	YELLOW, | 	GREEN | ); | END_TYPE","0","0"
"Sources/TwinCAT.OpenFramework.Samples/Intersection/IntersectionController/TrafficLight/TrafficLight.TcPOU","POU","TrafficLight","FUNCTION_BLOCK TrafficLight EXTENDS TOF_Automation.CompositeAutomationComponent<3> IMPLEMENTS ITrafficLight | VAR | 	{attribute 'hide'}  | 	_ClassName : STRING := __POUNAME(); |  | 	_RedLight : TOF_Devices_IO.DigitalOutput(""RedLight"", THIS^); | 	_YellowLight : TOF_Devices_IO.DigitalOutput(""YellowLight"", THIS^); | 	_GreenLight : TOF_Devices_IO.DigitalOutput(""GreenLight"", THIS^); | 	 | 	_Children : ARRAY [0.._ChildCount - 1] OF TOF_Automation.IChildAutomationComponent :=  | 	[ | 		_RedLight,  | 		_YellowLight,  | 		_GreenLight | 	]; | END_VAR","2","9"
"Sources/TwinCAT.OpenFramework.Samples/Intersection/IntersectionController/TrafficLight/TrafficLight.TcVIS","Visu","TrafficLight","","0","0"
"Sources/TwinCAT.OpenFramework.Samples/Intersection/SPEED_CORRECTION_PERCENT.TcDUT","DUT","SPEED_CORRECTION_PERCENT","TYPE SPEED_CORRECTION_PERCENT : SINT(IntersectionConstants.MIN_LIGHT_SWITCH_SPEED_CORECTION_PERCENT..IntersectionConstants.MAX_LIGHT_SWITCH_SPEED_CORECTION_PERCENT); END_TYPE","0","0"
"Sources/TwinCAT.OpenFramework.Samples/Intersection/TerminalModels.TcPOU","POU","TerminalModels","{attribute 'no_explicit_call' := 'do not call this function block directly'}  | PROGRAM TerminalModels | VAR_OUTPUT | 	DI_1 : TOF_IOModels.EL1018; | 	DO_2 : TOF_IOModels.EL2409; | 	AI_3 : TOF_IOModels.EL3001; | END_VAR","0","0"
"Sources/TwinCAT.OpenFramework.Samples/LogFilter.TcPOU","POU","LogFilter","{attribute 'no_explicit_call' := 'do not call this function block directly'}  | FUNCTION_BLOCK LogFilter EXTENDS TOF_Core.Object IMPLEMENTS TOF_Core.ILogFilter | VAR | 	_ClassName : STRING := __POUNAME(); | END_VAR","1","3"
"Sources/TwinCAT.OpenFramework.Samples/MAIN.TcPOU","POU","MAIN","PROGRAM MAIN | VAR_OUTPUT | 	IntersectionHMI : HmiIntersectionController; | END_VAR | VAR | 	{attribute 'hide'}  | 	_IntersectionPlugings : ARRAY [0..0] OF TOF_Automation.IAutomationControllerPlugin := [IntersectionHMI]; | END_VAR | VAR_OUTPUT	 | 	IntersectionController : IntersectionController(""IntersectionController"", _IntersectionPlugings);	 | 	DemoWorkflowController : DemoWorkflowController(""DemoWorkflowController""); | 	 | 	Runner : TOF_Automation.AutomationRunner; | END_VAR | VAR | 	{attribute 'hide'}  | 	_AutomationControllers : ARRAY [0..1] OF TOF_Automation.IAutomationComponent :=  | 	[ | 		IntersectionController, | 		DemoWorkflowController | 	]; | 	 | 	{attribute 'hide'}  | 	_LogFilter : LogFilter; | END_VAR","0","0"
"Sources/TwinCAT.OpenFramework.Samples/MainVisualization.TcVIS","Visu","MainVisualization","","0","0"
"Sources/TwinCAT.OpenFramework.Samples/PlcTask.TcTTO","Task","PlcTask","","0","0"
"Sources/TwinCAT.OpenFramework.Samples/TwinCAT_OpenFramework_Samples.plcproj","Project","","","0","0"
"Sources/TwinCAT.OpenFramework.Samples/Version/Global_Version.TcGVL","GVL","Global_Version","{attribute 'TcGenerated'} | {attribute 'no-analysis'} | {attribute 'linkalways'} | // This function has been automatically generated from the project information. | VAR_GLOBAL CONSTANT | 	{attribute 'const_non_replaced'} | 	stLibVersion_TwinCAT_Open_Framework_Samples : ST_LibVersion := (iMajor := 1, iMinor := 0, iBuild := 7, iRevision := 0, nFlags := 0, sVersion := '1.0.7.0'); | END_VAR","0","0"
"Sources/TwinCAT.OpenFramework.Samples/Workflow/Classes/DemoWorkflow.TcPOU","POU","DemoWorkflow","{attribute 'enable_dynamic_creation'}	 | FUNCTION_BLOCK DemoWorkflow EXTENDS TOF_Workflow.Workflow<6> | VAR_INPUT | 	StartOrResumeRequest : BOOL; | 	SuspendRequest : BOOL; | 	CancelRequest : BOOL; | 	 | 	MoveFrom1To2 : BOOL; | 	MoveFrom2To3 : BOOL;	 | 	MoveFrom3To4 : BOOL;	 | 	MoveFrom4To1 : BOOL; | END_VAR | VAR_OUTPUT	 | 	XPosition : INT; | 	YPosition : INT; |  | 	StateName : STRING(20); | END_VAR | VAR | 	{attribute 'hide'}  | 	_ClassName : STRING := __POUNAME(); | END_VAR","5","3"
"Sources/TwinCAT.OpenFramework.Samples/Workflow/Classes/DemoWorkflowController.TcPOU","POU","DemoWorkflowController","{attribute 'no_explicit_call' := 'do not call this function block directly'}  | FUNCTION_BLOCK DemoWorkflowController EXTENDS TOF_Automation.AutomationController<0> | VAR_OUTPUT | 	DemoWorkflow : DemoWorkflow;	 | END_VAR | VAR	 | 	{attribute 'hide'}  | 	_ClassName : STRING := __POUNAME(); | END_VAR","4","5"
"Sources/TwinCAT.OpenFramework.Samples/Workflow/Classes/MoveFromToActivity/IMoveFromToActivity.TcIO","Itf","IMoveFromToActivity","INTERFACE IMoveFromToActivity EXTENDS TOF_Workflow.IActivity","1","2"
"Sources/TwinCAT.OpenFramework.Samples/Workflow/Classes/MoveFromToActivity/MoveFromToActivity.TcPOU","POU","MoveFromToActivity","{attribute 'no_explicit_call' := 'do not call this function block directly'}  | {attribute 'enable_dynamic_creation'}	 | FUNCTION_BLOCK MoveFromToActivity EXTENDS TOF_Workflow.Activity IMPLEMENTS IMoveFromToActivity | VAR | 	{attribute 'hide'}  | 	_ClassName : STRING := __POUNAME(); | 	 | 	_ToXPosition : LREAL; | 	_ToYPosition : LREAL; | 	 | 	_PositionChangeTimer : TOF_Timers.Timer; | END_VAR | VAR CONSTANT | 	POSITION_CHANGE_TIMER_INTERVAL : TIME := T#10MS; | END_VAR","3","5"
"Sources/TwinCAT.OpenFramework.Samples/Workflow/Visualization/Workflow.TcVIS","Visu","Workflow","","0","0"
"Sources/TwinCAT.OpenFramework.Tasks/Internal/CurrentNamespace.TcPOU","POU","CurrentNamespace","{attribute 'no_explicit_call' := 'do not call this POU directly'} | PROGRAM INTERNAL CurrentNamespace | VAR | 	{attribute 'hide'}  | 	_NamespaceExtractor : NamespaceExtractor; | END_VAR","0","1"
"Sources/TwinCAT.OpenFramework.Tasks/Internal/NamespaceExtractor.TcPOU","POU","NamespaceExtractor","FUNCTION_BLOCK INTERNAL NamespaceExtractor | VAR_OUTPUT | 	{attribute 'init_namespace'}  | 	CurrentNamespace : STRING;	 | END_VAR","0","0"
"Sources/TwinCAT.OpenFramework.Tasks/Task/Enums/TASK_PROCESSING_STATE.TcDUT","DUT","TASK_PROCESSING_STATE","{attribute 'qualified_only'} | {attribute 'strict'} | {attribute 'to_string'} | TYPE TASK_PROCESSING_STATE : | ( | 	BUSY := 0, | 	DONE, |     ABORTED, |     ERROR | ); | END_TYPE","0","0"
"Sources/TwinCAT.OpenFramework.Tasks/Task/Enums/TASK_RUNNING_SUBSTATE.TcDUT","DUT","TASK_RUNNING_SUBSTATE","{attribute 'qualified_only'} | {attribute 'strict'} | {attribute 'to_string'} | TYPE TASK_RUNNING_SUBSTATE : | ( | 	RESOURCE_ACQUIRING := 0, | 	PROCESSING, | 	RESOURCE_RELEASING | ); | END_TYPE","0","0"
"Sources/TwinCAT.OpenFramework.Tasks/Task/Enums/TASK_STATE.TcDUT","DUT","TASK_STATE","{attribute 'qualified_only'} | {attribute 'strict'} | {attribute 'to_string'} | TYPE TASK_STATE : | ( | 	READY := 0, | 	RUNNING, | 	STOPPED | ); | END_TYPE","0","0"
"Sources/TwinCAT.OpenFramework.Tasks/Task/Enums/TASK_STOP_REASON.TcDUT","DUT","TASK_STOP_REASON","{attribute 'qualified_only'} | {attribute 'strict'} | {attribute 'to_string'} | TYPE TASK_STOP_REASON : | ( | 	WORK_DONE := 0, |     INTERNAL_ABORT, |     EXTERNAL_CANCEL, |     FAILURE | ); | END_TYPE","0","0"
"Sources/TwinCAT.OpenFramework.Tasks/Task/ITask.TcIO","Itf","ITask","INTERFACE ITask EXTENDS TOF_Core.IExecutable, TOF_Core.INamed","3","5"
"Sources/TwinCAT.OpenFramework.Tasks/Task/SubObjects/TaskRunningSubstate.TcPOU","POU","TaskRunningSubstate","FUNCTION_BLOCK TaskRunningSubstate | VAR | 	{attribute 'hide'}  | 	_Task : REFERENCE TO Task; | END_VAR","1","4"
"Sources/TwinCAT.OpenFramework.Tasks/Task/SubObjects/TaskState.TcPOU","POU","TaskState","FUNCTION_BLOCK FINAL TaskState | VAR | 	{attribute 'hide'}  | 	_Task : REFERENCE TO Task; | END_VAR","1","5"
"Sources/TwinCAT.OpenFramework.Tasks/Task/SubObjects/TaskStopReason.TcPOU","POU","TaskStopReason","FUNCTION_BLOCK FINAL TaskStopReason | VAR | 	{attribute 'hide'}  | 	_StopReason : REFERENCE TO TASK_STOP_REASON; | 	{attribute 'hide'}  | 	_StopReasonMessage : REFERENCE TO TOF_Core.ERROR_MESSAGE; | END_VAR","1","6"
"Sources/TwinCAT.OpenFramework.Tasks/Task/Task.TcPOU","POU","Task","{attribute 'no_explicit_call' := 'do not call this function block directly'}  | FUNCTION_BLOCK ABSTRACT Task EXTENDS TOF_Core.Object IMPLEMENTS ITask | VAR | 	{attribute 'hide'}  | 	_Name : WSTRING; | 	 | 	{attribute 'hide'}  | 	_State : TASK_STATE;	 | 	{attribute 'hide'}  | 	_StateChanged : BOOL; | 	 | 	{attribute 'hide'}  | 	_RunningSubstate : TASK_RUNNING_SUBSTATE; |  | 	{attribute 'hide'}  | 	_OriginalStopReason : TASK_STOP_REASON; | 	{attribute 'hide'}  | 	_TemporaryErrorMessage : TOF_Core.ERROR_MESSAGE;	 | 	{attribute 'hide'}  | 	_OriginalStopReasonMessage : TOF_Core.ERROR_MESSAGE; | 	{attribute 'hide'}  | 	_OriginalStopReasonObject : TaskStopReason(_OriginalStopReason, _OriginalStopReasonMessage); | 	 | 	{attribute 'hide'}  | 	_FinalStopReason : TASK_STOP_REASON;	 | 	{attribute 'hide'}  | 	_FinalStopReasonMessage : TOF_Core.ERROR_MESSAGE; | 	{attribute 'hide'}  | 	_FinalStopReasonObject : TaskStopReason(_FinalStopReason, _FinalStopReasonMessage); | 	 | 	{attribute 'hide'}  | 	_StateObject : TaskState(THIS^); | 	{attribute 'hide'}  | 	_RunningSubstateObject : TaskRunningSubstate(THIS^); | END_VAR","23","6"
"Sources/TwinCAT.OpenFramework.Tasks/TaskQueue/StandardTaskQueue.TcPOU","POU","StandardTaskQueue","{attribute 'no_explicit_call' := 'do not call this function block directly'}  | FUNCTION_BLOCK StandardTaskQueue EXTENDS TaskQueue | VAR | 	{attribute 'hide'}  | 	_ClassName : STRING := __POUNAME(); | END_VAR","1","3"
"Sources/TwinCAT.OpenFramework.Tasks/TaskQueue/TaskQueue.TcPOU","POU","TaskQueue","{attribute 'no_explicit_call' := 'do not call this function block directly'}  | FUNCTION_BLOCK ABSTRACT TaskQueue EXTENDS Task | VAR | 	{attribute 'hide'}  | 	_Tasks : TOF_Collections.List<0>(0); | 	 | 	{attribute 'hide'}  | 	_CurrentTask : ITask; | 	 | 	{attribute 'hide'}  | 	_StopWhenNoPendingTasks : BOOL; | END_VAR","7","2"
"Sources/TwinCAT.OpenFramework.Tasks/TwinCAT_OpenFramework_Tasks.plcproj","Project","","","0","0"
"Sources/TwinCAT.OpenFramework.Tasks/Version/Global_Version.TcGVL","GVL","Global_Version","{attribute 'TcGenerated'} | {attribute 'no-analysis'} | {attribute 'linkalways'} | // This function has been automatically generated from the project information. | VAR_GLOBAL CONSTANT | 	{attribute 'const_non_replaced'} | 	stLibVersion_TwinCAT_Open_Framework_Tasks : ST_LibVersion := (iMajor := 1, iMinor := 0, iBuild := 10, iRevision := 0, nFlags := 0, sVersion := '1.0.10.0'); | END_VAR","0","0"
"Sources/TwinCAT.OpenFramework.Temporary/Communication/ADS/ADS_COMMUNICATOR_STATE.TcDUT","DUT","ADS_COMMUNICATOR_STATE","{attribute 'qualified_only'} | {attribute 'strict'} | {attribute 'to_string'} | TYPE ADS_COMMUNICATOR_STATE : | ( | 	IDLE_OR_DONE, | 	READ_SYMBOL_INFO, | 	DATA_PROCESSING, | 	WAIT_FOR_NEXT_CYCLE | ); | END_TYPE","0","0"
"Sources/TwinCAT.OpenFramework.Temporary/Communication/ADS/ADS_REQUEST_ITEM.TcDUT","DUT","ADS_REQUEST_ITEM","{attribute 'enable_dynamic_creation'}	 | TYPE ADS_REQUEST_ITEM : | STRUCT | 	ReadSymbolInfo : Tc2_Utilities.PLC_ReadSymInfoByName; | 	ReadMode : BOOL; | 	Read : Tc2_System.ADSREADEX; | 	Write : Tc2_System.ADSWRITE; | 	IndexGroupAndOffsetValid : BOOL;	 | 	ReceivedBytesCountTarget : POINTER TO UDINT; | END_STRUCT | END_TYPE","0","0"
"Sources/TwinCAT.OpenFramework.Temporary/Communication/ADS/AdsCommunicationSettings.TcPOU","POU","AdsCommunicationSettings","{attribute 'no_explicit_call' := 'do not call this function block directly'}  | FUNCTION_BLOCK AdsCommunicationSettings EXTENDS CommunicationSettings | VAR_INPUT | 	AmsNetId : Tc2_System.T_AmsNetID; | 	AmsPort : Tc2_System.T_AmsPort := 801; | END_VAR | VAR | 	_ClassName : STRING := __POUNAME(); | END_VAR","0","1"
"Sources/TwinCAT.OpenFramework.Temporary/Communication/ADS/AdsCommunicator.TcPOU","POU","AdsCommunicator","{attribute 'no_explicit_call' := 'do not call this function block directly'}  | FUNCTION_BLOCK AdsCommunicator EXTENDS Communicator | VAR | 	{attribute 'OPC.UA.DA' := '0'}	 | 	_ClassName : STRING := __POUNAME(); |  | 	{attribute 'OPC.UA.DA' := '0'}	 | 	_State : ADS_COMMUNICATOR_STATE; | 	{attribute 'OPC.UA.DA' := '0'}	 | 	_DataProcessed : BOOL; |  | 	{attribute 'OPC.UA.DA' := '0'} | 	_Items : List(POINTER_TYPE.STRUCT_POINTER); // of ADS_REQUEST_ITEM  |  | 	{attribute 'OPC.UA.DA' := '0'}	 | 	_OperationTimer : Timer;	 | END_VAR","10","6"
"Sources/TwinCAT.OpenFramework.Temporary/Communication/CommunicationSettings.TcPOU","POU","CommunicationSettings","FUNCTION_BLOCK ABSTRACT CommunicationSettings | VAR_INPUT | 	DefaultOperationTimeout : TIME := Tc2_System.DEFAULT_ADS_TIMEOUT; | END_VAR","0","1"
"Sources/TwinCAT.OpenFramework.Temporary/Communication/Communicator.TcPOU","POU","Communicator","FUNCTION_BLOCK ABSTRACT Communicator EXTENDS TC.ToolkitObject | VAR_INPUT | 	CycleInterval : TIME;  | 	CyclicMode : BOOL;  | END_VAR | VAR_OUTPUT | 	{attribute 'OPC.UA.DA.Access' := '1'}	 | 	Configured : BOOL; | 	{attribute 'OPC.UA.DA.Access' := '1'}	 | 	CycleCount : ULINT; | 	{attribute 'OPC.UA.DA.Access' := '1'}	 | 	DefaultOperationTimeout : TIME;  | END_VAR | VAR | 	{attribute 'OPC.UA.DA' := '0'}	 | 	_InitialCyclicMode : BOOL;  | 	{attribute 'OPC.UA.DA' := '0'}	 | 	_LastException : Exception; | END_VAR","10","6"
"Sources/TwinCAT.OpenFramework.Temporary/Communication/CommunicatorSFC.TcPOU","POU","CommunicatorSFC","FUNCTION_BLOCK ABSTRACT CommunicatorSFC EXTENDS TC.ToolkitObject","0","0"
"Sources/TwinCAT.OpenFramework.Temporary/Communication/CurrentNamespace_1.TcGVL","GVL","CurrentNamespace_1","{attribute 'qualified_only'} | VAR_GLOBAL | 	{attribute 'OPC.UA.DA' := '1'} | 	{attribute 'OPC.UA.DA.Access' := '1'} | 	{attribute 'init_namespace'}  | 	Name : STRING(255);	 | END_VAR","0","0"
"Sources/TwinCAT.OpenFramework.Temporary/Communication/OPC_UA/OPC_UA_ACTION_EXECUTION_STATE.TcDUT","DUT","OPC_UA_ACTION_EXECUTION_STATE","{attribute 'qualified_only'} | {attribute 'strict'} | {attribute 'to_string'} | TYPE OPC_UA_ACTION_EXECUTION_STATE : | ( | 	BUSY, | 	DONE, | 	ERROR | ); | END_TYPE","0","0"
"Sources/TwinCAT.OpenFramework.Temporary/Communication/OPC_UA/OPC_UA_COMMUNICATOR_STATE.TcDUT","DUT","OPC_UA_COMMUNICATOR_STATE","{attribute 'qualified_only'} | {attribute 'strict'} | {attribute 'to_string'} | TYPE OPC_UA_COMMUNICATOR_STATE : | ( | 	IDLE, | 	CONNECT, | 	GET_NAMESPACE_INDEX, | 	GET_NODE_HANDLE, | 	PERFORM_ACTION, | 	WAIT_FOR_NEXT_CYCLE, | 	RELEASE_NODE_HANDLE, | 	DISCONNECT | ); | END_TYPE","0","0"
"Sources/TwinCAT.OpenFramework.Temporary/Communication/OPC_UA/OpcUaCommunicationSettings.TcPOU","POU","OpcUaCommunicationSettings","{attribute 'no_explicit_call' := 'do not call this function block directly'}  | FUNCTION_BLOCK OpcUaCommunicationSettings EXTENDS CommunicationSettings | VAR_INPUT | 	ServerUrl : Tc2_System.T_MaxString; | 	SessionConnectInfo : Tc3_PLCopen_OpcUa.ST_UASessionConnectInfo; | 	ConnectionTimeout : TIME := Tc2_System.DEFAULT_ADS_TIMEOUT; | END_VAR | VAR | 	_ClassName : STRING := __POUNAME(); | END_VAR","0","1"
"Sources/TwinCAT.OpenFramework.Temporary/Communication/OPC_UA/OpcUaCommunicator.TcPOU","POU","OpcUaCommunicator","{attribute 'no_explicit_call' := 'do not call this function block directly'}  | FUNCTION_BLOCK OpcUaCommunicator EXTENDS Communicator | VAR | 	{attribute 'OPC.UA.DA' := '0'}	 | 	_ClassName : STRING := __POUNAME(); |  | 	{attribute 'OPC.UA.DA' := '0'}	 | 	_State : OPC_UA_COMMUNICATOR_STATE;	 | 	{attribute 'OPC.UA.DA' := '0'}	 | 	_DataProcessed : BOOL; |  | 	{attribute 'OPC.UA.DA' := '0'}	 | 	_Connect : Tc3_PLCopen_OpcUa.UA_Connect; |  | 	{attribute 'OPC.UA.DA' := '0'} | 	_NamespaceUris : Dictionary(POINTER_TYPE.STRING_POINTER, POINTER_TYPE.STRUCT_POINTER, 0); // of STRING(MAX) and UA_GetNamespaceIndex |  | 	{attribute 'OPC.UA.DA' := '0'}	 | 	_RequestItems : List(POINTER_TYPE.OBJECT_POINTER); // of POINTER TO OpcUaRequestItem | 	 | 	{attribute 'OPC.UA.DA' := '0'}	 | 	_Disconnect : Tc3_PLCopen_OpcUa.UA_Disconnect; |  | 	{attribute 'OPC.UA.DA' := '0'} | 	_TimeoutTimer : Timer;	 | 	{attribute 'OPC.UA.DA' := '0'}	 | 	_OperationTimer : Timer;	 | END_VAR","19","6"
"Sources/TwinCAT.OpenFramework.Temporary/Communication/OPC_UA/OpcUaHelper.TcPOU","POU","OpcUaHelper","PROGRAM OpcUaHelper | VAR | 	ClassName : STRING := __POUNAME(); | END_VAR","2","0"
"Sources/TwinCAT.OpenFramework.Temporary/Communication/OPC_UA/RequestItems/OPC_UA_OUTPUT_ARGUMENT_INFO_AND_DATA.TcDUT","DUT","OPC_UA_OUTPUT_ARGUMENT_INFO_AND_DATA","{attribute 'pack_mode' := '1'} | TYPE OPC_UA_OUTPUT_ARGUMENT_INFO_AND_DATA : | STRUCT | 	nNumberOfOutputArguments: UDINT; // determined amount of output parameters | 	nReserved: ARRAY[1..4] OF BYTE; // Reserved padding | 	//stOutputArgInfo: ARRAY[*] OF ST_UAMethodArgInfo;  | 	//data : DINT; | END_STRUCT | END_TYPE","0","0"
"Sources/TwinCAT.OpenFramework.Temporary/Communication/OPC_UA/RequestItems/OpcUaDAReadRequestItem.TcPOU","POU","OpcUaDAReadRequestItem","{attribute 'enable_dynamic_creation'}	 | FUNCTION_BLOCK OpcUaDAReadRequestItem EXTENDS OpcUaDARequestItem | VAR | 	_ClassName : STRING := __POUNAME(); |  | 	_Read : Tc3_PLCopen_OpcUa.UA_Read; | 	_NumberOfReceivedBytesCount : POINTER TO UDINT; | END_VAR","3","1"
"Sources/TwinCAT.OpenFramework.Temporary/Communication/OPC_UA/RequestItems/OpcUaDARequestItem.TcPOU","POU","OpcUaDARequestItem","FUNCTION_BLOCK ABSTRACT OpcUaDARequestItem EXTENDS OpcUaRequestItem | VAR | 	_NamespaceUri : STRING(Tc2_System.MAX_STRING_LENGTH); | 	_NodeId: Tc3_PLCopen_OpcUa.ST_UANodeID;		 | 	_NamespaceIndexValid : BOOL; | 	 | 	_GetNodeHandle : Tc3_PLCopen_OpcUa.UA_NodeGetHandle; | 	_ReleaseNodeHandle : Tc3_PLCopen_OpcUa.UA_NodeReleaseHandle;	 | END_VAR","4","0"
"Sources/TwinCAT.OpenFramework.Temporary/Communication/OPC_UA/RequestItems/OpcUaDAWriteRequestItem.TcPOU","POU","OpcUaDAWriteRequestItem","{attribute 'enable_dynamic_creation'}	 | FUNCTION_BLOCK OpcUaDAWriteRequestItem EXTENDS OpcUaDARequestItem | VAR | 	_ClassName : STRING := __POUNAME(); |  | 	_Write : Tc3_PLCopen_OpcUa.UA_Write; | END_VAR","3","1"
"Sources/TwinCAT.OpenFramework.Temporary/Communication/OPC_UA/RequestItems/OpcUaMethodCallRequestItem.TcPOU","POU","OpcUaMethodCallRequestItem","{attribute 'enable_dynamic_creation'}	 | FUNCTION_BLOCK OpcUaMethodCallRequestItem EXTENDS OpcUaRequestItem | VAR | 	_ClassName : STRING := __POUNAME(); |  | 	_ObjectNamespaceUri : STRING(Tc2_System.MAX_STRING_LENGTH); | 	_ObjectNodeId: Tc3_PLCopen_OpcUa.ST_UANodeID;		 | 	_ObjectNamespaceIndexValid : BOOL; |  | 	_MethodNamespaceUri : STRING(Tc2_System.MAX_STRING_LENGTH); | 	_MethodNodeId: Tc3_PLCopen_OpcUa.ST_UANodeID;		 | 	_MethodNamespaceIndexValid : BOOL; |  | 	_NumberOfReceivedBytesCount : POINTER TO UDINT; | 	 | 	_GetMethodHandle : Tc3_PLCopen_OpcUa.UA_MethodGetHandle; | 	_MethodCall : Tc3_PLCopen_OpcUa.UA_MethodCall; | 	_ReleaseMethodHandle : Tc3_PLCopen_OpcUa.UA_MethodReleaseHandle;	 | END_VAR","7","1"
"Sources/TwinCAT.OpenFramework.Temporary/Communication/OPC_UA/RequestItems/OpcUaRequestItem.TcPOU","POU","OpcUaRequestItem","FUNCTION_BLOCK ABSTRACT OpcUaRequestItem EXTENDS TC.ToolkitObject | VAR | 	_ConnectionHandle : DWORD; | END_VAR","6","0"
"Sources/TwinCAT.OpenFramework.Temporary/Communication/S7/GetStringSizeForS7Comm.TcPOU","POU","GetStringSizeForS7Comm","FUNCTION GetStringSizeForS7Comm : WORD | VAR_INPUT | 	stringVariable : ANY_STRING; | END_VAR","0","0"
"Sources/TwinCAT.OpenFramework.Temporary/Communication/S7/S7_COMMUNICATOR_STATE.TcDUT","DUT","S7_COMMUNICATOR_STATE","{attribute 'qualified_only'} | {attribute 'strict'} | {attribute 'to_string'} | TYPE S7_COMMUNICATOR_STATE : | ( | 	IDLE_OR_DONE, | 	DATA_PROCESSING, | 	WAIT_FOR_NEXT_CYCLE | ); | END_TYPE","0","0"
"Sources/TwinCAT.OpenFramework.Temporary/Communication/S7/S7_VARIABLE.TcDUT","DUT","S7_VARIABLE","{attribute 'enable_dynamic_creation'}	 | TYPE S7_VARIABLE : | STRUCT | 	Address : PVOID; | 	Write : BOOL; | END_STRUCT | END_TYPE","0","0"
"Sources/TwinCAT.OpenFramework.Temporary/Communication/S7/S7CommunicationSettings.TcPOU","POU","S7CommunicationSettings","{attribute 'no_explicit_call' := 'do not call this function block directly'}  | FUNCTION_BLOCK S7CommunicationSettings EXTENDS CommunicationSettings | VAR_INPUT |     IpAddrres : STRING(15); |     CpuType : Tc3_S7Comm.E_S7COMM_CPUTYPE; |     Rack : UINT; |     Slot : UINT; | END_VAR | VAR | 	_ClassName : STRING := __POUNAME(); | END_VAR","0","1"
"Sources/TwinCAT.OpenFramework.Temporary/Communication/S7/S7Communicator.TcPOU","POU","S7Communicator","{attribute 'no_explicit_call' := 'do not call this function block directly'}  | FUNCTION_BLOCK S7Communicator EXTENDS Communicator | VAR | 	{attribute 'OPC.UA.DA' := '0'}	 | 	_ClassName : STRING := __POUNAME(); |  | 	{attribute 'OPC.UA.DA' := '0'}	 | 	_Connection : REFERENCE TO Tc3_S7Comm.FB_S7CommConnection; |  | 	{attribute 'OPC.UA.DA' := '0'}	 | 	_State : S7_COMMUNICATOR_STATE; | 	{attribute 'OPC.UA.DA' := '0'}	 | 	_DataProcessed : BOOL; | 	{attribute 'OPC.UA.DA' := '0'}	 | 	_Error : BOOL; | 	 | 	{attribute 'OPC.UA.DA' := '0'}	 | 	_Request : Tc3_S7Comm.FB_S7CommSingleRequest; | 	 | 	{attribute 'OPC.UA.DA' := '0'}	 | 	_Variables : List(POINTER_TYPE.BYTE_POINTER); // of S7_VARIABLE | 	 | 	{attribute 'OPC.UA.DA' := '0'}	 | 	_RrequestTimer : Timer;	 | END_VAR","19","6"
"Sources/TwinCAT.OpenFramework.Temporary/CurrentNamespace_2.TcGVL","GVL","CurrentNamespace_2","{attribute 'qualified_only'} | VAR_GLOBAL | 	{attribute 'OPC.UA.DA' := '1'} | 	{attribute 'OPC.UA.DA.Access' := '1'} | 	{attribute 'init_namespace'}  | 	Name : STRING(255);	 | END_VAR","0","0"
"Sources/TwinCAT.OpenFramework.Temporary/Database/Command/DB_COMMAND_DISCONNECTING_STATE.TcDUT","DUT","DB_COMMAND_DISCONNECTING_STATE","{attribute 'qualified_only'} | {attribute 'strict'} | {attribute 'to_string'} | TYPE DB_COMMAND_DISCONNECTING_STATE : | ( | 	IDLING, | 	DATA_SET_RELEASING, | 	DISCONNECTING | ); | END_TYPE","0","0"
"Sources/TwinCAT.OpenFramework.Temporary/Database/Command/DB_COMMAND_EXECUTION_PARAMETERS.TcDUT","DUT","DB_COMMAND_EXECUTION_PARAMETERS","{attribute 'enable_dynamic_creation'}	 | TYPE DB_COMMAND_EXECUTION_PARAMETERS : | STRUCT | 	DbId : UDINT; | 	CommandText : Tc2_System.T_MaxString; | 	TargetBuffer : PVOID;  | 	TargetBufferSize : UDINT; | 	MaxRecordsToReadAtTime : UINT; | END_STRUCT | END_TYPE","0","0"
"Sources/TwinCAT.OpenFramework.Temporary/Database/Command/DB_COMMAND_EXECUTION_STATE.TcDUT","DUT","DB_COMMAND_EXECUTION_STATE","{attribute 'qualified_only'} | {attribute 'strict'} | {attribute 'to_string'} | TYPE DB_COMMAND_EXECUTION_STATE : | ( | 	IDLING, | 	STARTING, | 	CONNECTING, | 	PREPARING, | 	EXECUTING, | 	LOADING_RESULT_DATA_SET, | 	DISCONNECTING  | ); | END_TYPE","0","0"
"Sources/TwinCAT.OpenFramework.Temporary/Database/Command/DbCommandExecutor.TcPOU","POU","DbCommandExecutor","{attribute 'no_explicit_call' := 'do not call this function block directly'}  | FUNCTION_BLOCK DbCommandExecutor EXTENDS TC.ToolkitObject IMPLEMENTS TC.IAction | VAR	 | 	_ClassName : STRING := __POUNAME(); |  | 	_DbConnection : Tc3_Database.FB_SQLDatabaseEvt(sNetID := '', tTimeout := T#10S);	 |  | 	_ExecutionParameters : DB_COMMAND_EXECUTION_PARAMETERS; |  | 	_Command : Tc3_Database.FB_SQLCommandEvt(sNetID:='', tTimeout := T#10S); | 	_SQLResult: Tc3_Database.FB_SQLResultEvt(sNetID := '', tTimeout := T#10S); | 	 | 	_Done : BOOL; | 	_State : DB_COMMAND_EXECUTION_STATE; | 	_GetError : BOOL; | 	_Logger : Tc3_EventLogger.I_TcMessage;	 | 	_Connected : BOOL; | 	_DataSetLoaded : BOOL; | 	_DisconnectingState : DB_COMMAND_DISCONNECTING_STATE; | 	_LastException : Exception; | END_VAR","3","8"
"Sources/TwinCAT.OpenFramework.Temporary/Database/CurrentNamespace.TcGVL","GVL","CurrentNamespace","{attribute 'qualified_only'} | VAR_GLOBAL | 	{attribute 'OPC.UA.DA' := '1'} | 	{attribute 'OPC.UA.DA.Access' := '1'} | 	{attribute 'init_namespace'}  | 	Name : STRING(255);	 | END_VAR","0","0"
"Sources/TwinCAT.OpenFramework.Temporary/Database/StoredProcedure/DB_PROCEDURE_DISCONNECTING_STATE.TcDUT","DUT","DB_PROCEDURE_DISCONNECTING_STATE","{attribute 'qualified_only'} | {attribute 'strict'} | {attribute 'to_string'} | TYPE DB_PROCEDURE_DISCONNECTING_STATE : | ( | 	IDLING, | 	DATA_SET_RELEASING, | 	PARAMETERS_RELEASING, | 	DISCONNECTING | ); | END_TYPE","0","0"
"Sources/TwinCAT.OpenFramework.Temporary/Database/StoredProcedure/DB_PROCEDURE_EXECUTION_STATE.TcDUT","DUT","DB_PROCEDURE_EXECUTION_STATE","{attribute 'qualified_only'} | {attribute 'strict'} | {attribute 'to_string'} | TYPE DB_PROCEDURE_EXECUTION_STATE : | ( | 	IDLING, | 	STARTING, | 	CONNECTING, | 	PREPARING, | 	EXECUTING, | 	LOADING_RESULT_DATA_SET, | 	DISCONNECTING | ); | END_TYPE","0","0"
"Sources/TwinCAT.OpenFramework.Temporary/Database/StoredProcedure/DB_ROCEDURE_EXECUTION_PARAMETERS.TcDUT","DUT","DB_ROCEDURE_EXECUTION_PARAMETERS","{attribute 'enable_dynamic_creation'}	 | TYPE DB_ROCEDURE_EXECUTION_PARAMETERS : | STRUCT | 	DbId : UDINT; | 	ProcedureName : Tc2_System.T_MaxString; | 	ParameterDescriptors : POINTER TO Tc3_Database.ST_SQLSPParameter; | 	ParameterDescriptorsSize : UDINT; | 	ParameterValues : PVOID; | 	ParameterValuesSize : UDINT;	 | 	TargetBuffer : PVOID;  | 	TargetBufferSize : UDINT; | 	MaxRecordsToReadAtTime : UINT; | END_STRUCT | END_TYPE","0","0"
"Sources/TwinCAT.OpenFramework.Temporary/Database/StoredProcedure/DbProcedureExecutor.TcPOU","POU","DbProcedureExecutor","{attribute 'no_explicit_call' := 'do not call this function block directly'}  | FUNCTION_BLOCK DbProcedureExecutor EXTENDS TC.ToolkitObject IMPLEMENTS TC.IAction | VAR	 | 	_ClassName : STRING := __POUNAME(); |  | 	_DbConnection : Tc3_Database.FB_SQLDatabaseEvt(sNetID := '', tTimeout := T#10S);	 |  | 	_ExecutionParameters : DB_ROCEDURE_EXECUTION_PARAMETERS; |  | 	_StoredProcedure : Tc3_Database.FB_SQLStoredProcedureEvt(sNetID:='', tTimeout := T#10S); | 	_SQLResult: Tc3_Database.FB_SQLResultEvt(sNetID := '', tTimeout := T#10S); | 	 | 	_Done : BOOL; | 	_State : DB_PROCEDURE_EXECUTION_STATE; | 	_GetError : BOOL; | 	_Logger : Tc3_EventLogger.I_TcMessage;	 | 	_Connected : BOOL; | 	_Prepared : BOOL; | 	_DataSetLoaded : BOOL; | 	_DisconnectingState : DB_PROCEDURE_DISCONNECTING_STATE; | 	_LastException : Exception; | END_VAR","3","8"
"Sources/TwinCAT.OpenFramework.Temporary/StateMachine/Finite/FiniteStateMachine.TcPOU","POU","FiniteStateMachine","{attribute 'no_explicit_call' := 'do not call this function block directly'}  | FUNCTION_BLOCK ABSTRACT FiniteStateMachine EXTENDS ToolkitObject | VAR_INPUT | 	{attribute 'OPC.UA.DA' := '0'} | 	RequestedCause : STRING;	 |  | 	{attribute 'OPC.UA.DA.Access' := '1'} | 	CurrentState : REFERENCE TO ProgramState; | 	 | 	{attribute 'OPC.UA.DA.Access' := '1'} | 	LastTransition : REFERENCE TO ProgramTransition; | END_VAR | VAR	 | 	{attribute 'OPC.UA.DA' := '0'} | 	_AvailableStates : ARRAY [0..ProgramConstants.MaxStateCount - 1] OF POINTER TO ProgramState; |  | 	{attribute 'OPC.UA.DA' := '0'} | 	_AvailableTransitions : ARRAY [0..ProgramConstants.MaxTransitionCount - 1] OF POINTER TO ProgramTransition; | END_VAR","6","5"
"Sources/TwinCAT.OpenFramework.Temporary/StateMachine/Finite/ProgramState.TcPOU","POU","ProgramState","{attribute 'no_explicit_call' := 'do not call this function block directly'}  | FUNCTION_BLOCK ABSTRACT ProgramState EXTENDS ToolkitObject | VAR_OUTPUT | 	{attribute 'OPC.UA.DA.Access' := '1'} | 	FromTransitions : ARRAY [0..ProgramConstants.MaxTransitionCount - 1] OF STRING; | 	{attribute 'OPC.UA.DA.Access' := '1'} | 	FromTransitionCount : INT(0..ProgramConstants.MaxTransitionCount - 1); | 	{attribute 'OPC.UA.DA.Access' := '1'} | 	ToTransitions : ARRAY [0..ProgramConstants.MaxTransitionCount - 1] OF STRING; | 	{attribute 'OPC.UA.DA.Access' := '1'} | 	ToTransitionCount : INT(0..ProgramConstants.MaxTransitionCount - 1); | END_VAR | VAR | 	{attribute 'OPC.UA.DA' := '0'} | 	_Busy : BOOL; | 	{attribute 'OPC.UA.DA' := '0'} | 	_Error : BOOL; |  | 	{attribute 'OPC.UA.DA' := '0'} | 	_StateMachine : REFERENCE TO FiniteStateMachine; | END_VAR","5","5"
"Sources/TwinCAT.OpenFramework.Temporary/StateMachine/Finite/ProgramTransition.TcPOU","POU","ProgramTransition","{attribute 'no_explicit_call' := 'do not call this function block directly'}  | FUNCTION_BLOCK ABSTRACT ProgramTransition EXTENDS ToolkitObject IMPLEMENTS IAction | VAR_OUTPUT | 	//{attribute 'OPC.UA.DA.Access' := '1'} | 	//Timeout : TIME := T#3S; | END_VAR | VAR | 	{attribute 'OPC.UA.DA' := '0'} | 	_Busy : BOOL; | 	{attribute 'OPC.UA.DA' := '0'} | 	_Done : BOOL; | 	{attribute 'OPC.UA.DA' := '0'} | 	_Error : BOOL; | 	{attribute 'OPC.UA.DA' := '0'} | 	_StateMachine : REFERENCE TO FiniteStateMachine; | END_VAR","4","9"
"Sources/TwinCAT.OpenFramework.Temporary/StateMachine/Program/ProgramStateMachine.TcPOU","POU","ProgramStateMachine","FUNCTION_BLOCK ABSTRACT ProgramStateMachine EXTENDS FiniteStateMachine | VAR | 	{attribute 'OPC.UA.DA' := '0'} | 	_HaltedState : REFERENCE TO HaltedProgramState; | 	{attribute 'OPC.UA.DA' := '0'} | 	_ReadyState : REFERENCE TO ReadyProgramState; | 	{attribute 'OPC.UA.DA' := '0'} | 	_RunningState : REFERENCE TO RunningProgramState; | 	{attribute 'OPC.UA.DA' := '0'} | 	_SuspendedState : REFERENCE TO SuspendedProgramState; | 	 | 	{attribute 'OPC.UA.DA' := '0'} | 	_HaltedToReady : REFERENCE TO HaltedToReadyProgramTransition; | 	{attribute 'OPC.UA.DA' := '0'} | 	_ReadyToRunning : REFERENCE TO ReadyToRunningProgramTransition; | 	{attribute 'OPC.UA.DA' := '0'} | 	_RunningToHalted : REFERENCE TO RunningToHaltedProgramTransition; | 	{attribute 'OPC.UA.DA' := '0'} | 	_RunningToReady : REFERENCE TO RunningToReadyProgramTransition; | 	{attribute 'OPC.UA.DA' := '0'} | 	_RunningToSuspended : REFERENCE TO RunningToSuspendedProgramTransition; | 	{attribute 'OPC.UA.DA' := '0'} | 	_SuspendedToRunning : REFERENCE TO SuspendedToRunningProgramTransition; | 	{attribute 'OPC.UA.DA' := '0'} | 	_SuspendedToHalted : REFERENCE TO SuspendedToHaltedProgramTransition; | 	{attribute 'OPC.UA.DA' := '0'} | 	_SuspendedToReady : REFERENCE TO SuspendedToReadyProgramTransition; | 	{attribute 'OPC.UA.DA' := '0'} | 	_ReadyToHalted : REFERENCE TO ReadyToHaltedProgramTransition; | END_VAR","7","2"
"Sources/TwinCAT.OpenFramework.Temporary/StateMachine/Program/States/HaltedProgramState.TcPOU","POU","HaltedProgramState","FUNCTION_BLOCK ABSTRACT HaltedProgramState EXTENDS ProgramState","0","1"
"Sources/TwinCAT.OpenFramework.Temporary/StateMachine/Program/States/ReadyProgramState.TcPOU","POU","ReadyProgramState","FUNCTION_BLOCK ABSTRACT ReadyProgramState EXTENDS ProgramState","0","1"
"Sources/TwinCAT.OpenFramework.Temporary/StateMachine/Program/States/RunningProgramState.TcPOU","POU","RunningProgramState","FUNCTION_BLOCK ABSTRACT RunningProgramState EXTENDS ProgramState","0","1"
"Sources/TwinCAT.OpenFramework.Temporary/StateMachine/Program/States/SuspendedProgramState.TcPOU","POU","SuspendedProgramState","FUNCTION_BLOCK ABSTRACT SuspendedProgramState EXTENDS ProgramState","0","1"
"Sources/TwinCAT.OpenFramework.Temporary/StateMachine/Program/Transitions/HaltedToReadyProgramTransition.TcPOU","POU","HaltedToReadyProgramTransition","FUNCTION_BLOCK ABSTRACT HaltedToReadyProgramTransition EXTENDS ProgramTransition","0","4"
"Sources/TwinCAT.OpenFramework.Temporary/StateMachine/Program/Transitions/ReadyToHaltedProgramTransition.TcPOU","POU","ReadyToHaltedProgramTransition","FUNCTION_BLOCK ABSTRACT ReadyToHaltedProgramTransition EXTENDS ProgramTransition","0","4"
"Sources/TwinCAT.OpenFramework.Temporary/StateMachine/Program/Transitions/ReadyToRunningProgramTransition.TcPOU","POU","ReadyToRunningProgramTransition","FUNCTION_BLOCK ABSTRACT ReadyToRunningProgramTransition EXTENDS ProgramTransition","0","4"
"Sources/TwinCAT.OpenFramework.Temporary/StateMachine/Program/Transitions/RunningToHaltedProgramTransition.TcPOU","POU","RunningToHaltedProgramTransition","FUNCTION_BLOCK ABSTRACT RunningToHaltedProgramTransition EXTENDS ProgramTransition","0","4"
"Sources/TwinCAT.OpenFramework.Temporary/StateMachine/Program/Transitions/RunningToReadyProgramTransition.TcPOU","POU","RunningToReadyProgramTransition","FUNCTION_BLOCK ABSTRACT RunningToReadyProgramTransition EXTENDS ProgramTransition","0","4"
"Sources/TwinCAT.OpenFramework.Temporary/StateMachine/Program/Transitions/RunningToSuspendedProgramTransition.TcPOU","POU","RunningToSuspendedProgramTransition","FUNCTION_BLOCK ABSTRACT RunningToSuspendedProgramTransition EXTENDS ProgramTransition","0","4"
"Sources/TwinCAT.OpenFramework.Temporary/StateMachine/Program/Transitions/SuspendedToHaltedProgramTransition.TcPOU","POU","SuspendedToHaltedProgramTransition","FUNCTION_BLOCK ABSTRACT SuspendedToHaltedProgramTransition EXTENDS ProgramTransition","0","4"
"Sources/TwinCAT.OpenFramework.Temporary/StateMachine/Program/Transitions/SuspendedToReadyProgramTransition.TcPOU","POU","SuspendedToReadyProgramTransition","FUNCTION_BLOCK ABSTRACT SuspendedToReadyProgramTransition EXTENDS ProgramTransition","0","4"
"Sources/TwinCAT.OpenFramework.Temporary/StateMachine/Program/Transitions/SuspendedToRunningProgramTransition.TcPOU","POU","SuspendedToRunningProgramTransition","FUNCTION_BLOCK ABSTRACT SuspendedToRunningProgramTransition EXTENDS ProgramTransition","0","4"
"Sources/TwinCAT.OpenFramework.Temporary/StateMachine/ProgramConstants.TcGVL","GVL","ProgramConstants","{attribute 'qualified_only'} | VAR_GLOBAL CONSTANT | 	MaxStateCount : INT := 5; | 	MaxTransitionCount : INT := 20; | END_VAR","0","0"
"Sources/TwinCAT.OpenFramework.Temporary/StateMachine/UnifiedProgram/States/HaltedUnifiedProgramState.TcPOU","POU","HaltedUnifiedProgramState","FUNCTION_BLOCK HaltedUnifiedProgramState EXTENDS HaltedProgramState | VAR | 	{attribute 'OPC.UA.DA' := '0'} | 	_ClassName : STRING := __POUNAME(); | END_VAR","0","1"
"Sources/TwinCAT.OpenFramework.Temporary/StateMachine/UnifiedProgram/States/ReadyUnifiedProgramState.TcPOU","POU","ReadyUnifiedProgramState","FUNCTION_BLOCK ReadyUnifiedProgramState EXTENDS ReadyProgramState | VAR | 	{attribute 'OPC.UA.DA' := '0'} | 	_ClassName : STRING := __POUNAME(); | END_VAR","0","1"
"Sources/TwinCAT.OpenFramework.Temporary/StateMachine/UnifiedProgram/States/RunningUnifiedProgramState.TcPOU","POU","RunningUnifiedProgramState","FUNCTION_BLOCK RunningUnifiedProgramState EXTENDS RunningProgramState | VAR | 	{attribute 'OPC.UA.DA' := '0'} | 	_ClassName : STRING := __POUNAME(); | END_VAR","0","1"
"Sources/TwinCAT.OpenFramework.Temporary/StateMachine/UnifiedProgram/States/SuspendedUnifiedProgramState.TcPOU","POU","SuspendedUnifiedProgramState","FUNCTION_BLOCK SuspendedUnifiedProgramState EXTENDS SuspendedProgramState | VAR | 	{attribute 'OPC.UA.DA' := '0'} | 	_ClassName : STRING := __POUNAME(); | END_VAR","0","1"
"Sources/TwinCAT.OpenFramework.Temporary/StateMachine/UnifiedProgram/StepModels/UnifiedProgramExecutedStep.TcPOU","POU","UnifiedProgramExecutedStep","FUNCTION_BLOCK UnifiedProgramExecutedStep EXTENDS ToolkitObject | VAR_OUTPUT | 	StepIndex : INT; | 	 | 	Suspend : BOOL; | 	Complete : BOOL; | 	 | 	Actions : ARRAY [0..UnifiedProgramConstants.MaxStepActionsCount - 1] OF POINTER TO UnifiedProgramExecutedStepAction; | 	ActionCount : INT; | 	 | 	Transitions : ARRAY [0..UnifiedProgramConstants.MaxStepTransitionsCount - 1] OF POINTER TO UnifiedProgramExecutedStepTransition; | 	TransitionCount : INT; | END_VAR | VAR | 	{attribute 'OPC.UA.DA' := '0'} | 	_ClassName : STRING := __POUNAME(); | END_VAR","2","1"
"Sources/TwinCAT.OpenFramework.Temporary/StateMachine/UnifiedProgram/StepModels/UnifiedProgramExecutedStepAction.TcPOU","POU","UnifiedProgramExecutedStepAction","FUNCTION_BLOCK ABSTRACT UnifiedProgramExecutedStepAction EXTENDS ToolkitObject | VAR | 	{attribute 'OPC.UA.DA' := '0'} | 	_ClassName : STRING := __POUNAME(); | END_VAR","1","0"
"Sources/TwinCAT.OpenFramework.Temporary/StateMachine/UnifiedProgram/StepModels/UnifiedProgramExecutedStepHelper.TcPOU","POU","UnifiedProgramExecutedStepHelper","PROGRAM UnifiedProgramExecutedStepHelper","2","0"
"Sources/TwinCAT.OpenFramework.Temporary/StateMachine/UnifiedProgram/StepModels/UnifiedProgramExecutedStepTransition.TcPOU","POU","UnifiedProgramExecutedStepTransition","FUNCTION_BLOCK UnifiedProgramExecutedStepTransition EXTENDS ToolkitObject | VAR | 	{attribute 'OPC.UA.DA' := '0'} | 	_ClassName : STRING := __POUNAME(); | END_VAR","1","1"
"Sources/TwinCAT.OpenFramework.Temporary/StateMachine/UnifiedProgram/StepModels/UnifiedProgramExecutedStepTransitionCondition.TcPOU","POU","UnifiedProgramExecutedStepTransitionCondition","FUNCTION_BLOCK ABSTRACT UnifiedProgramExecutedStepTransitionCondition EXTENDS ToolkitObject | VAR | 	{attribute 'OPC.UA.DA' := '0'} | 	_ClassName : STRING := __POUNAME(); | END_VAR","1","0"
"Sources/TwinCAT.OpenFramework.Temporary/StateMachine/UnifiedProgram/Steps/UNIFIED_PROGRAM_CONFIGURATION.TcDUT","DUT","UNIFIED_PROGRAM_CONFIGURATION","TYPE UNIFIED_PROGRAM_CONFIGURATION : | STRUCT | 	Name : STRING(255) := 'New program'; | 	Version : DATE_AND_TIME; | 	Steps : ARRAY [0..UnifiedProgramConstants.MaxStepCount - 1] OF UNIFIED_PROGRAM_STEP; | END_STRUCT | END_TYPE","0","0"
"Sources/TwinCAT.OpenFramework.Temporary/StateMachine/UnifiedProgram/Steps/UNIFIED_PROGRAM_EXECUTED_STEP.TcDUT","DUT","UNIFIED_PROGRAM_EXECUTED_STEP","TYPE UNIFIED_PROGRAM_EXECUTED_STEP : | STRUCT | 	StepIndex : INT := -1; | 	 | 	Step : REFERENCE TO UNIFIED_PROGRAM_STEP; | END_STRUCT | END_TYPE","0","0"
"Sources/TwinCAT.OpenFramework.Temporary/StateMachine/UnifiedProgram/Steps/UNIFIED_PROGRAM_STEP_ACTION.TcDUT","DUT","UNIFIED_PROGRAM_STEP_ACTION","TYPE UNIFIED_PROGRAM_STEP_ACTION : | STRUCT | 	Name : STRING; | 	Args : ARRAY [0..UnifiedProgramConstants.MaxActionArgumentsCount - 1] OF STRING(255); | END_STRUCT | END_TYPE","0","0"
"Sources/TwinCAT.OpenFramework.Temporary/StateMachine/UnifiedProgram/Steps/UNIFIED_PROGRAM_STEP_TRANSITION_CONDITION.TcDUT","DUT","UNIFIED_PROGRAM_STEP_TRANSITION_CONDITION","TYPE UNIFIED_PROGRAM_STEP_TRANSITION_CONDITION : | STRUCT | 	Name : STRING; | 	Args : ARRAY [0..UnifiedProgramConstants.MaxActionArgumentsCount - 1] OF STRING(255); | END_STRUCT | END_TYPE","0","0"
"Sources/TwinCAT.OpenFramework.Temporary/StateMachine/UnifiedProgram/Steps/UNIFIED_PROGRAM_STEP_TRANSITION.TcDUT","DUT","UNIFIED_PROGRAM_STEP_TRANSITION","TYPE UNIFIED_PROGRAM_STEP_TRANSITION : | STRUCT | 	Condition : UNIFIED_PROGRAM_STEP_TRANSITION_CONDITION; | 	Target : BYTE; | END_STRUCT | END_TYPE","0","0"
"Sources/TwinCAT.OpenFramework.Temporary/StateMachine/UnifiedProgram/Steps/UNIFIED_PROGRAM_STEP.TcDUT","DUT","UNIFIED_PROGRAM_STEP","TYPE UNIFIED_PROGRAM_STEP : | STRUCT | 	Suspend : BOOL; | 	Complete : BOOL; | 	Actions : ARRAY [0..UnifiedProgramConstants.MaxStepActionsCount - 1] OF UNIFIED_PROGRAM_STEP_ACTION; | 	Transitions : ARRAY [0..UnifiedProgramConstants.MaxStepTransitionsCount - 1] OF UNIFIED_PROGRAM_STEP_TRANSITION; | END_STRUCT | END_TYPE","0","0"
"Sources/TwinCAT.OpenFramework.Temporary/StateMachine/UnifiedProgram/Transitions/HaltedToReadyUnifiedProgramTransition.TcPOU","POU","HaltedToReadyUnifiedProgramTransition","FUNCTION_BLOCK HaltedToReadyUnifiedProgramTransition EXTENDS HaltedToReadyProgramTransition | VAR | 	{attribute 'OPC.UA.DA' := '0'} | 	_ClassName : STRING := __POUNAME(); | END_VAR","0","1"
"Sources/TwinCAT.OpenFramework.Temporary/StateMachine/UnifiedProgram/Transitions/ReadyToHaltedUnifiedProgramTransition.TcPOU","POU","ReadyToHaltedUnifiedProgramTransition","FUNCTION_BLOCK ReadyToHaltedUnifiedProgramTransition EXTENDS ReadyToHaltedProgramTransition | VAR | 	{attribute 'OPC.UA.DA' := '0'} | 	_ClassName : STRING := __POUNAME(); | END_VAR","0","1"
"Sources/TwinCAT.OpenFramework.Temporary/StateMachine/UnifiedProgram/Transitions/ReadyToRunningUnifiedProgramTransition.TcPOU","POU","ReadyToRunningUnifiedProgramTransition","FUNCTION_BLOCK ReadyToRunningUnifiedProgramTransition EXTENDS ReadyToRunningProgramTransition | VAR | 	{attribute 'OPC.UA.DA' := '0'} | 	_ClassName : STRING := __POUNAME(); | END_VAR","1","2"
"Sources/TwinCAT.OpenFramework.Temporary/StateMachine/UnifiedProgram/Transitions/RunningToHaltedUnifiedProgramTransition.TcPOU","POU","RunningToHaltedUnifiedProgramTransition","FUNCTION_BLOCK RunningToHaltedUnifiedProgramTransition EXTENDS RunningToHaltedProgramTransition | VAR | 	{attribute 'OPC.UA.DA' := '0'} | 	_ClassName : STRING := __POUNAME(); | END_VAR","0","1"
"Sources/TwinCAT.OpenFramework.Temporary/StateMachine/UnifiedProgram/Transitions/RunningToReadyUnifiedProgramTransition.TcPOU","POU","RunningToReadyUnifiedProgramTransition","FUNCTION_BLOCK RunningToReadyUnifiedProgramTransition EXTENDS RunningToReadyProgramTransition | VAR | 	{attribute 'OPC.UA.DA' := '0'} | 	_ClassName : STRING := __POUNAME(); | END_VAR","0","1"
"Sources/TwinCAT.OpenFramework.Temporary/StateMachine/UnifiedProgram/Transitions/RunningToSuspendedUnifiedProgramTransition.TcPOU","POU","RunningToSuspendedUnifiedProgramTransition","FUNCTION_BLOCK RunningToSuspendedUnifiedProgramTransition EXTENDS RunningToSuspendedProgramTransition | VAR | 	{attribute 'OPC.UA.DA' := '0'} | 	_ClassName : STRING := __POUNAME(); | END_VAR","0","1"
"Sources/TwinCAT.OpenFramework.Temporary/StateMachine/UnifiedProgram/Transitions/SuspendedToHaltedUnifiedProgramTransition.TcPOU","POU","SuspendedToHaltedUnifiedProgramTransition","FUNCTION_BLOCK SuspendedToHaltedUnifiedProgramTransition EXTENDS SuspendedToHaltedProgramTransition | VAR | 	{attribute 'OPC.UA.DA' := '0'} | 	_ClassName : STRING := __POUNAME(); | END_VAR","0","1"
"Sources/TwinCAT.OpenFramework.Temporary/StateMachine/UnifiedProgram/Transitions/SuspendedToReadyUnifiedProgramTransition.TcPOU","POU","SuspendedToReadyUnifiedProgramTransition","FUNCTION_BLOCK SuspendedToReadyUnifiedProgramTransition EXTENDS SuspendedToReadyProgramTransition | VAR | 	{attribute 'OPC.UA.DA' := '0'} | 	_ClassName : STRING := __POUNAME(); | END_VAR","0","1"
"Sources/TwinCAT.OpenFramework.Temporary/StateMachine/UnifiedProgram/Transitions/SuspendedToRunningUnifiedProgramTransition.TcPOU","POU","SuspendedToRunningUnifiedProgramTransition","FUNCTION_BLOCK SuspendedToRunningUnifiedProgramTransition EXTENDS SuspendedToRunningProgramTransition | VAR | 	{attribute 'OPC.UA.DA' := '0'} | 	_ClassName : STRING := __POUNAME(); | END_VAR","0","1"
"Sources/TwinCAT.OpenFramework.Temporary/StateMachine/UnifiedProgram/UnifiedProgramConstants.TcGVL","GVL","UnifiedProgramConstants","{attribute 'qualified_only'} | VAR_GLOBAL CONSTANT | 	MaxStepCount : INT := 5;	 | 	MaxStepActionsCount : INT := 5; | 	MaxStepTransitionsCount : INT := 2; | 	MaxActionArgumentsCount : INT := 5; | 	MaxConditionArgumentsCount : INT := 5; | END_VAR","0","0"
"Sources/TwinCAT.OpenFramework.Temporary/StateMachine/UnifiedProgram/UnifiedProgramStateMachine.TcPOU","POU","UnifiedProgramStateMachine","{attribute 'no_explicit_call' := 'do not call this function block directly'}  | FUNCTION_BLOCK UnifiedProgramStateMachine EXTENDS ProgramStateMachine | VAR_OUTPUT | 	{attribute 'OPC.UA.DA.Access' := '1'} | 	Configuration : UNIFIED_PROGRAM_CONFIGURATION; | 	 | 	{attribute 'OPC.UA.DA.Access' := '1'} | 	HaltedState : HaltedUnifiedProgramState; | 	{attribute 'OPC.UA.DA.Access' := '1'} | 	ReadyState : ReadyUnifiedProgramState; | 	{attribute 'OPC.UA.DA.Access' := '1'} | 	RunningState : RunningUnifiedProgramState; | 	{attribute 'OPC.UA.DA.Access' := '1'} | 	SuspendedState : SuspendedUnifiedProgramState; | 	 | 	{attribute 'OPC.UA.DA.Access' := '1'} | 	HaltedToReady : HaltedToReadyUnifiedProgramTransition; | 	{attribute 'OPC.UA.DA.Access' := '1'} | 	ReadyToRunning : ReadyToRunningUnifiedProgramTransition; | 	{attribute 'OPC.UA.DA.Access' := '1'} | 	RunningToHalted : RunningToHaltedUnifiedProgramTransition; | 	{attribute 'OPC.UA.DA.Access' := '1'} | 	RunningToReady : RunningToReadyUnifiedProgramTransition; | 	{attribute 'OPC.UA.DA.Access' := '1'} | 	RunningToSuspended : RunningToSuspendedUnifiedProgramTransition; | 	{attribute 'OPC.UA.DA.Access' := '1'} | 	SuspendedToRunning : SuspendedToRunningUnifiedProgramTransition; | 	{attribute 'OPC.UA.DA.Access' := '1'} | 	SuspendedToHalted : SuspendedToHaltedUnifiedProgramTransition; | 	{attribute 'OPC.UA.DA.Access' := '1'} | 	SuspendedToReady : SuspendedToReadyUnifiedProgramTransition; | 	{attribute 'OPC.UA.DA.Access' := '1'} | 	ReadyToHalted : ReadyToHaltedUnifiedProgramTransition; | 	 | 	{attribute 'OPC.UA.DA' := '0'} | 	StepExecutor : UnifiedProgramStepExecutor(THIS^); | END_VAR | VAR | 	{attribute 'OPC.UA.DA' := '0'} | 	_ClassName : STRING := __POUNAME(); | END_VAR","5","1"
"Sources/TwinCAT.OpenFramework.Temporary/StateMachine/UnifiedProgram/UnifiedProgramStepExecutor.TcPOU","POU","UnifiedProgramStepExecutor","{attribute 'no_explicit_call' := 'do not call this function block directly'}  | {attribute 'OPC.UA.DA' := '0'} | FUNCTION_BLOCK INTERNAL UnifiedProgramStepExecutor EXTENDS ToolkitObject | VAR | 	_ClassName : STRING := __POUNAME(); |  | 	_StateMachine : REFERENCE TO UnifiedProgramStateMachine; | 	 | 	_ExecutedSteps : ARRAY [0..UnifiedProgramConstants.MaxStepCount - 1] OF UNIFIED_PROGRAM_EXECUTED_STEP; | 	_ExecutedStepCount : INT; | 	_ExecutedStep : REFERENCE TO UNIFIED_PROGRAM_EXECUTED_STEP;	 | END_VAR","2","1"
"Sources/TwinCAT.OpenFramework.Temporary/TwinCAT_OpenFramework_Temporary.plcproj","Project","","","0","0"
"Sources/TwinCAT.OpenFramework.Tests/CurrentNamespace.TcGVL","GVL","CurrentNamespace","{attribute 'qualified_only'} | VAR_GLOBAL | 	Name : STRING := 'TOF_Tests'; | END_VAR","0","0"
"Sources/TwinCAT.OpenFramework.Tests/LogFilter.TcPOU","POU","LogFilter","{attribute 'no_explicit_call' := 'do not call this function block directly'}  | FUNCTION_BLOCK LogFilter EXTENDS TOF_Core.Object IMPLEMENTS TOF_Core.ILogFilter | VAR | 	{attribute 'hide'}  | 	_ClassName : STRING := __POUNAME(); | END_VAR","1","3"
"Sources/TwinCAT.OpenFramework.Tests/MAIN.TcPOU","POU","MAIN","PROGRAM MAIN | VAR_OUTPUT | 	TestAutomationUnit : TestAutomationController(""TestController""); | 	 | 	Runner : TOF_Automation.AutomationRunner; | END_VAR | VAR	 | 	_AutomationControllers : ARRAY [0..0] OF TOF_Automation.IAutomationComponent :=  | 	[ | 		TestAutomationUnit | 	]; | 	 | 	_LogFilter : LogFilter; | END_VAR","0","0"
"Sources/TwinCAT.OpenFramework.Tests/TestAutomationController.TcPOU","POU","TestAutomationController","{attribute 'no_explicit_call' := 'do not call this function block directly'}  | FUNCTION_BLOCK TestAutomationController EXTENDS TOF_Automation.AutomationController<0> | VAR | 	{attribute 'hide'}  | 	_ClassName : STRING := __POUNAME(); | 	 | 	_ExceptionTest : ExceptionTest;	 | 	 | 	_RandomTest : RandomTest; | 	 | 	_StringHelperTest : StringHelperTest; | 	_StringBuilderTest : StringBuilderTest; | 	 | 	_WideStringHelperTest : WideStringHelperTest; | 	_WideStringBuilderTest : WideStringBuilderTest; |  | 	_DynamicByteListTest : DynamicByteListTest;	 | 	_DynamicListTest : DynamicListTest; | 	_DynamicDictionaryTest : DynamicDictionaryTest; | 	_DynamicUniqueDataSetTest : DynamicUniqueDataSetTest; | 	_DynamicQueueTest : DynamicQueueTest; | 	 | 	_StaticByteListTest : StaticByteListTest;	 | 	_StaticListTest : StaticListTest; | 	_StaticDictionaryTest : StaticDictionaryTest; | 	_StaticUniqueDataSetTest : StaticUniqueDataSetTest; | 	_StaticQueueTest : StaticQueueTest; | 	 | 	_RangeAnalogValueConverterTest : RangeAnalogValueConverterTest; | 	 | 	_TaskSequenceTest : TaskSequenceTest;  | 	 | 	_DirectoryTest : DirectoryTest;  | 	_FileContentManagerTest : FileContentManagerTest; |  | 	_SimpleTextFileLoggerTest : LoggerTest;  | END_VAR","1","5"
"Sources/TwinCAT.OpenFramework.Tests/Tests/Collections/Dynamic/DynamicByteListTest.TcPOU","POU","DynamicByteListTest","FUNCTION_BLOCK DynamicByteListTest EXTENDS TcUnit.FB_TestSuite | VAR | 	{attribute 'hide'}  | 	_ClassName : STRING := __POUNAME(); |  | 	_StaticArray : ARRAY [0..5] OF BYTE := [0, 1, 2, 3, 4, 5]; | 	 | 	_ListToTest : TOF_Collections.ByteList<0>; | END_VAR","6","2"
"Sources/TwinCAT.OpenFramework.Tests/Tests/Collections/Dynamic/DynamicDictionaryTest.TcPOU","POU","DynamicDictionaryTest","FUNCTION_BLOCK DynamicDictionaryTest EXTENDS TcUnit.FB_TestSuite | VAR | 	{attribute 'hide'}  | 	_ClassName : STRING := __POUNAME(); |  | 	_KeyArray : ARRAY [0..6] OF INT := [0, 1, 2, 3, 4, 5, 6]; | 	_ValueArray : ARRAY [0..6] OF STRING := ['String0', 'String1', 'String2', 'String3', 'String4', 'String5', 'String6']; | 	 | 	_DictionaryToTest : TOF_Collections.Dictionary<0>(0, 0); | END_VAR","4","2"
"Sources/TwinCAT.OpenFramework.Tests/Tests/Collections/Dynamic/DynamicListTest.TcPOU","POU","DynamicListTest","FUNCTION_BLOCK DynamicListTest EXTENDS TcUnit.FB_TestSuite | VAR | 	{attribute 'hide'}  | 	_ClassName : STRING := __POUNAME(); |  | 	_StaticStringArray : ARRAY [0..5] OF STRING := ['String0', 'String1', 'String2', 'String3', 'String4', 'String5']; | 	_DynamicStringArray : ARRAY [0..5] OF POINTER TO STRING; | 	 | 	_ListToTest : TOF_Collections.List<0>(0); | END_VAR","17","2"
"Sources/TwinCAT.OpenFramework.Tests/Tests/Collections/Dynamic/DynamicQueueTest.TcPOU","POU","DynamicQueueTest","FUNCTION_BLOCK DynamicQueueTest EXTENDS TcUnit.FB_TestSuite | VAR | 	{attribute 'hide'}  | 	_ClassName : STRING := __POUNAME(); |  | 	_Queue : TOF_Collections.Queue<0>(0); | END_VAR","5","2"
"Sources/TwinCAT.OpenFramework.Tests/Tests/Collections/Dynamic/DynamicUniqueDataSetTest.TcPOU","POU","DynamicUniqueDataSetTest","FUNCTION_BLOCK DynamicUniqueDataSetTest EXTENDS TcUnit.FB_TestSuite | VAR | 	{attribute 'hide'}  | 	_ClassName : STRING := __POUNAME(); |  | 	_Values : ARRAY [0..6] OF STRING := ['String0', 'String1', 'String2', 'String3', 'String4', 'String5', 'String6']; | 	 | 	_UniqueSetToTest : TOF_Collections.UniqueDataSet<0>(0); | END_VAR","4","2"
"Sources/TwinCAT.OpenFramework.Tests/Tests/Collections/Static/StaticByteListTest.TcPOU","POU","StaticByteListTest","FUNCTION_BLOCK StaticByteListTest EXTENDS TcUnit.FB_TestSuite | VAR | 	{attribute 'hide'}  | 	_ClassName : STRING := __POUNAME(); |  | 	_StaticArray : ARRAY [0..5] OF BYTE := [0, 1, 2, 3, 4, 5]; | 	 | 	_List : TOF_Collections.ByteList<12>; | END_VAR","7","2"
"Sources/TwinCAT.OpenFramework.Tests/Tests/Collections/Static/StaticDictionaryTest.TcPOU","POU","StaticDictionaryTest","FUNCTION_BLOCK StaticDictionaryTest EXTENDS TcUnit.FB_TestSuite | VAR | 	{attribute 'hide'}  | 	_ClassName : STRING := __POUNAME(); |  | 	_KeyArray : ARRAY [0..6] OF INT := [0, 1, 2, 3, 4, 5, 6]; | 	_ValueArray : ARRAY [0..6] OF STRING := ['String0', 'String1', 'String2', 'String3', 'String4', 'String5', 'String6']; | 	 | 	_Dictionary : TOF_Collections.Dictionary<7>(0, 0); | END_VAR","5","2"
"Sources/TwinCAT.OpenFramework.Tests/Tests/Collections/Static/StaticListTest.TcPOU","POU","StaticListTest","FUNCTION_BLOCK StaticListTest EXTENDS TcUnit.FB_TestSuite | VAR | 	{attribute 'hide'}  | 	_ClassName : STRING := __POUNAME(); |  | 	_StaticStringArray : ARRAY [0..5] OF STRING := ['String0', 'String1', 'String2', 'String3', 'String4', 'String5']; | 	_DynamicStringArray : ARRAY [0..5] OF POINTER TO STRING; | 	 | 	_ListToTest : TOF_Collections.List<8>(0); | END_VAR","18","2"
"Sources/TwinCAT.OpenFramework.Tests/Tests/Collections/Static/StaticQueueTest.TcPOU","POU","StaticQueueTest","FUNCTION_BLOCK StaticQueueTest EXTENDS TcUnit.FB_TestSuite | VAR | 	{attribute 'hide'}  | 	_ClassName : STRING := __POUNAME(); |  | 	_Queue : TOF_Collections.Queue<3>(0); | END_VAR","6","2"
"Sources/TwinCAT.OpenFramework.Tests/Tests/Collections/Static/StaticUniqueDataSetTest.TcPOU","POU","StaticUniqueDataSetTest","FUNCTION_BLOCK StaticUniqueDataSetTest EXTENDS TcUnit.FB_TestSuite | VAR | 	{attribute 'hide'}  | 	_ClassName : STRING := __POUNAME(); |  | 	_Values : ARRAY [0..6] OF STRING := ['String0', 'String1', 'String2', 'String3', 'String4', 'String5', 'String6']; | 	 | 	_UniqueSet : TOF_Collections.UniqueDataSet<7>(0); | END_VAR","5","2"
"Sources/TwinCAT.OpenFramework.Tests/Tests/Devices/IO/RangeAnalogValueConverterTest.TcPOU","POU","RangeAnalogValueConverterTest","FUNCTION_BLOCK RangeAnalogValueConverterTest EXTENDS TcUnit.FB_TestSuite | VAR | 	{attribute 'hide'}  | 	_ClassName : STRING := __POUNAME(); | END_VAR","3","2"
"Sources/TwinCAT.OpenFramework.Tests/Tests/ExceptionTest.TcPOU","POU","ExceptionTest","FUNCTION_BLOCK ExceptionTest EXTENDS TcUnit.FB_TestSuite | VAR | 	{attribute 'hide'}  | 	_ClassName : STRING := __POUNAME();	 | END_VAR","4","2"
"Sources/TwinCAT.OpenFramework.Tests/Tests/Files/DirectoryTest.TcPOU","POU","DirectoryTest","FUNCTION_BLOCK DirectoryTest EXTENDS TcUnit.FB_TestSuite | VAR | 	{attribute 'hide'}  | 	_ClassName : STRING := __POUNAME(); | END_VAR","4","2"
"Sources/TwinCAT.OpenFramework.Tests/Tests/Files/FileContentManagerTest.TcPOU","POU","FileContentManagerTest","FUNCTION_BLOCK FileContentManagerTest EXTENDS TcUnit.FB_TestSuite | VAR | 	{attribute 'hide'}  | 	_ClassName : STRING := __POUNAME(); |  | 	_FilePath : STRING(255) := 'C:\TestFile.txt'; | 	 | 	_FileContentManager : TOF_FileSystem.FileContentManager; | 	 | 	_WriteStringToFile1 : TOF_FileSystem.WriteString255ToFile; | 	_WriteStringToFile2 : TOF_FileSystem.WriteString255ToFile; | 	_SetPositionInFile : TOF_FileSystem.SetPositionInFile; | 	_ReadStringFromFile : TOF_FileSystem.ReadString255FromFile; | END_VAR","1","2"
"Sources/TwinCAT.OpenFramework.Tests/Tests/LoggerTest.TcPOU","POU","LoggerTest","FUNCTION_BLOCK LoggerTest EXTENDS TcUnit.FB_TestSuite | VAR | 	{attribute 'hide'}  | 	_ClassName : STRING := __POUNAME(); | 	 | 	_SimpleTextFileLogger : TOF_Loggers.SimpleTextFileLogger( | 		'C:\TwinCatLogs', | 		'Log', | 		10, | 		Tc2_System.E_OpenPath.PATH_GENERIC, | 		Tc2_System.Global_Variables.DEFAULT_ADS_TIMEOUT, | 		'' | 	);			 | 	 | 	_EventLogger : TOF_Loggers.EventLogger( | 		TC_EVENTS.OpenFrameworkLoggerEventClass.DebugEvent, | 		TC_EVENTS.OpenFrameworkLoggerEventClass.InformationEvent, | 		TC_EVENTS.OpenFrameworkLoggerEventClass.WarningEvent, | 		TC_EVENTS.OpenFrameworkLoggerEventClass.ErrorEvent, | 		TC_EVENTS.OpenFrameworkLoggerEventClass.CriticalErrorEvent | 	); | END_VAR","2","2"
"Sources/TwinCAT.OpenFramework.Tests/Tests/RandomTest.TcPOU","POU","RandomTest","FUNCTION_BLOCK RandomTest EXTENDS TcUnit.FB_TestSuite | VAR | 	{attribute 'hide'}  | 	_ClassName : STRING := __POUNAME();	 | END_VAR","3","2"
"Sources/TwinCAT.OpenFramework.Tests/Tests/Strings/String/StringBuilderTest.TcPOU","POU","StringBuilderTest","FUNCTION_BLOCK StringBuilderTest EXTENDS TcUnit.FB_TestSuite | VAR | 	{attribute 'hide'}  | 	_ClassName : STRING := __POUNAME(); | END_VAR","3","2"
"Sources/TwinCAT.OpenFramework.Tests/Tests/Strings/String/StringHelperTest.TcPOU","POU","StringHelperTest","FUNCTION_BLOCK StringHelperTest EXTENDS TcUnit.FB_TestSuite | VAR | 	{attribute 'hide'}  | 	_ClassName : STRING := __POUNAME(); | END_VAR","5","2"
"Sources/TwinCAT.OpenFramework.Tests/Tests/Strings/WideString/WideStringBuilderTest.TcPOU","POU","WideStringBuilderTest","FUNCTION_BLOCK WideStringBuilderTest EXTENDS TcUnit.FB_TestSuite | VAR | 	{attribute 'hide'}  | 	_ClassName : STRING := __POUNAME(); | END_VAR","3","2"
"Sources/TwinCAT.OpenFramework.Tests/Tests/Strings/WideString/WideStringHelperTest.TcPOU","POU","WideStringHelperTest","FUNCTION_BLOCK WideStringHelperTest EXTENDS TcUnit.FB_TestSuite | VAR | 	{attribute 'hide'}  | 	_ClassName : STRING := __POUNAME(); | END_VAR","5","2"
"Sources/TwinCAT.OpenFramework.Tests/Tests/TaskSequence/CounterTask.TcPOU","POU","CounterTask","FUNCTION_BLOCK CounterTask EXTENDS TOF_Tasks.Task | VAR | 	{attribute 'hide'}  | 	_ClassName : STRING := __POUNAME(); |  | 	_Counter : INT; | 	_TargetValue : INT; | END_VAR","1","5"
"Sources/TwinCAT.OpenFramework.Tests/Tests/TaskSequence/TaskSequenceTest.TcPOU","POU","TaskSequenceTest","FUNCTION_BLOCK TaskSequenceTest EXTENDS TcUnit.FB_TestSuite | VAR | 	{attribute 'hide'}  | 	_ClassName : STRING := __POUNAME(); | 	 | 	_FilePath : STRING(255) := 'C:\TestFile.txt'; | 	 | 	_TaskSequence : TOF_Tasks.StandardTaskQueue; | 	 | 	_CounterTask1 : CounterTask; | 	_CounterTask2 : CounterTask; | 	_CounterTask3 : CounterTask; | 	 | 	_Initialized : BOOL; | END_VAR","1","2"
"Sources/TwinCAT.OpenFramework.Tests/TestTask.TcTTO","Task","TestTask","","0","0"
"Sources/TwinCAT.OpenFramework.Tests/TwinCAT_OpenFramework_Tests.plcproj","Project","","","0","0"
"Sources/TwinCAT.OpenFramework.Tests/Version/Global_Version.TcGVL","GVL","Global_Version","{attribute 'TcGenerated'} | {attribute 'no-analysis'} | {attribute 'linkalways'} | // This function has been automatically generated from the project information. | VAR_GLOBAL CONSTANT | 	{attribute 'const_non_replaced'} | 	stLibVersion_TwinCAT_Open_Framework_Tests : ST_LibVersion := (iMajor := 1, iMinor := 0, iBuild := 7, iRevision := 0, nFlags := 0, sVersion := '1.0.7.0'); | END_VAR","0","0"
"Sources/TwinCAT.OpenFramework.Timers/Internal/CurrentNamespace.TcPOU","POU","CurrentNamespace","{attribute 'no_explicit_call' := 'do not call this POU directly'} | PROGRAM INTERNAL CurrentNamespace | VAR | 	{attribute 'hide'}  | 	_NamespaceExtractor : NamespaceExtractor; | END_VAR","0","1"
"Sources/TwinCAT.OpenFramework.Timers/Internal/NamespaceExtractor.TcPOU","POU","NamespaceExtractor","FUNCTION_BLOCK INTERNAL NamespaceExtractor | VAR_OUTPUT | 	{attribute 'init_namespace'}  | 	CurrentNamespace : STRING;	 | END_VAR","0","0"
"Sources/TwinCAT.OpenFramework.Timers/ITimer.TcIO","Itf","ITimer","INTERFACE ITimer EXTENDS TOF_Tasks.ITask","1","4"
"Sources/TwinCAT.OpenFramework.Timers/Timer.TcPOU","POU","Timer","{attribute 'no_explicit_call' := 'do not call this function block directly'}  | // The wrapper around Tc2_Standard.TON | FUNCTION_BLOCK Timer EXTENDS TOF_Tasks.Task IMPLEMENTS ITimer | VAR | 	{attribute 'hide'}  | 	_ClassName : STRING := __POUNAME(); | 	 | 	{attribute 'hide'}  | 	_Timer : Tc2_Standard.TON; | 	 | 	{attribute 'hide'}  | 	_Triggered : BOOL; | END_VAR","5","7"
"Sources/TwinCAT.OpenFramework.Timers/TwinCAT_OpenFramework_Timers.plcproj","Project","","","0","0"
"Sources/TwinCAT.OpenFramework.Timers/Version/Global_Version.TcGVL","GVL","Global_Version","{attribute 'TcGenerated'} | {attribute 'no-analysis'} | {attribute 'linkalways'} | // This function has been automatically generated from the project information. | VAR_GLOBAL CONSTANT | 	{attribute 'const_non_replaced'} | 	stLibVersion_TwinCAT_Open_Framework_Timers : ST_LibVersion := (iMajor := 1, iMinor := 0, iBuild := 10, iRevision := 0, nFlags := 0, sVersion := '1.0.10.0'); | END_VAR","0","0"
"Sources/TwinCAT.OpenFramework.tsproj","TcSmProject","","","0","0"
"Sources/TwinCAT.OpenFramework.Workflow/Activities/Activity.TcPOU","POU","Activity","{attribute 'no_explicit_call' := 'do not call this function block directly'}  | FUNCTION_BLOCK ABSTRACT Activity EXTENDS TOF_Core.Object IMPLEMENTS IActivity | VAR | 	{attribute 'hide'}  | 	_Name : WSTRING; | 	 | 	_Workflow : IWorkflow; | 	 | 	_ParentActivity : IActivity; |  | 	_Variables : TOF_Collections.Dictionary<0>(0, 0); | 	 | 	_State : WORKFLOW_ELEMENT_STATE; | 	_PreviousState : WORKFLOW_ELEMENT_STATE; | 	_StateChanged : BOOL; | 	 | 	_FailErrorMessage : TOF_Core.ERROR_MESSAGE; | 	_CancelReason : WSTRING(255); | 	_HaltReason : WSTRING(255); | END_VAR","10","9"
"Sources/TwinCAT.OpenFramework.Workflow/Activities/Composite/Exclusive/Conditional/IfElse/IfElseActivity.TcPOU","POU","IfElseActivity","{attribute 'no_explicit_call' := 'do not call this function block directly'}  | {attribute 'enable_dynamic_creation'} | FUNCTION_BLOCK IfElseActivity EXTENDS ExclusiveCompositeActivity IMPLEMENTS IIfElseActivity | VAR | 	{attribute 'OPC.UA.DA' := '0'} | 	_ClassName : STRING := __POUNAME(); |  | 	{attribute 'OPC.UA.DA' := '0'} | 	_Condition : ICondition;	 |  | 	{attribute 'OPC.UA.DA' := '0'} | 	_TrueActivity : IActivity; | 	 | 	{attribute 'OPC.UA.DA' := '0'} | 	_FalseActivity : IActivity; |  | 	{attribute 'OPC.UA.DA' := '0'} | 	_CurrentActivity : IActivity; | END_VAR","3","7"
"Sources/TwinCAT.OpenFramework.Workflow/Activities/Composite/Exclusive/Conditional/IfElse/IIfElseActivity.TcIO","Itf","IIfElseActivity","INTERFACE IIfElseActivity EXTENDS IExclusiveCompositeActivity","1","3"
"Sources/TwinCAT.OpenFramework.Workflow/Activities/Composite/Exclusive/ExclusiveCompositeActivity.TcPOU","POU","ExclusiveCompositeActivity","{attribute 'no_explicit_call' := 'do not call this function block directly'}  | FUNCTION_BLOCK ABSTRACT ExclusiveCompositeActivity EXTENDS Activity IMPLEMENTS IExclusiveCompositeActivity","2","1"
"Sources/TwinCAT.OpenFramework.Workflow/Activities/Composite/Exclusive/IExclusiveCompositeActivity.TcIO","Itf","IExclusiveCompositeActivity","INTERFACE IExclusiveCompositeActivity EXTENDS ICompositeActivity","0","1"
"Sources/TwinCAT.OpenFramework.Workflow/Activities/Composite/Exclusive/Loop/While/IWhileActivity.TcIO","Itf","IWhileActivity","INTERFACE IWhileActivity EXTENDS ISequenceActivity","1","1"
"Sources/TwinCAT.OpenFramework.Workflow/Activities/Composite/Exclusive/Loop/While/WhileActivity.TcPOU","POU","WhileActivity","{attribute 'no_explicit_call' := 'do not call this function block directly'}  | {attribute 'enable_dynamic_creation'} | FUNCTION_BLOCK WhileActivity EXTENDS SequenceActivity IMPLEMENTS IWhileActivity | VAR | 	{attribute 'OPC.UA.DA' := '0'} | 	_ClassName_ : STRING := __POUNAME(); |  | 	{attribute 'OPC.UA.DA' := '0'} | 	_Condition : ICondition;	 | END_VAR","2","4"
"Sources/TwinCAT.OpenFramework.Workflow/Activities/Composite/Exclusive/Sequence/ISequenceActivity.TcIO","Itf","ISequenceActivity","INTERFACE ISequenceActivity EXTENDS IExclusiveCompositeActivity","1","1"
"Sources/TwinCAT.OpenFramework.Workflow/Activities/Composite/Exclusive/Sequence/SequenceActivity.TcPOU","POU","SequenceActivity","{attribute 'no_explicit_call' := 'do not call this function block directly'}  | {attribute 'enable_dynamic_creation'} | FUNCTION_BLOCK SequenceActivity EXTENDS ExclusiveCompositeActivity IMPLEMENTS ISequenceActivity | VAR | 	{attribute 'OPC.UA.DA' := '0'} | 	_ClassName : STRING := __POUNAME(); |  | 	{attribute 'OPC.UA.DA' := '0'} | 	_Children : TOF_Collections.List<0>(0); |  | 	{attribute 'OPC.UA.DA' := '0'} | 	_CurrentActivityIndex : DINT := -1; | END_VAR","4","5"
"Sources/TwinCAT.OpenFramework.Workflow/Activities/Composite/Exclusive/TryCatch/ICatchActivity.TcIO","Itf","ICatchActivity","INTERFACE ICatchActivity EXTENDS IActivity","0","1"
"Sources/TwinCAT.OpenFramework.Workflow/Activities/Composite/Exclusive/TryCatch/ITryCatchActivity.TcIO","Itf","ITryCatchActivity","INTERFACE ITryCatchActivity EXTENDS IExclusiveCompositeActivity","1","2"
"Sources/TwinCAT.OpenFramework.Workflow/Activities/Composite/Exclusive/TryCatch/TryCatchActivity.TcPOU","POU","TryCatchActivity","{attribute 'no_explicit_call' := 'do not call this function block directly'}  | {attribute 'enable_dynamic_creation'} | FUNCTION_BLOCK TryCatchActivity EXTENDS ExclusiveCompositeActivity IMPLEMENTS ITryCatchActivity | VAR | 	{attribute 'OPC.UA.DA' := '0'} | 	_ClassName : STRING := __POUNAME(); | 	 | 	{attribute 'OPC.UA.DA' := '0'} | 	_TryActivity : IActivity; |  | 	{attribute 'OPC.UA.DA' := '0'} | 	_CatchActivity : IActivity; |  | 	{attribute 'OPC.UA.DA' := '0'} | 	_CurrentActivity : IActivity; | END_VAR","4","6"
"Sources/TwinCAT.OpenFramework.Workflow/Activities/Composite/Exclusive/Wait/WaitAndPick/IWaitAndPickActivity.TcIO","Itf","IWaitAndPickActivity","INTERFACE IWaitAndPickActivity EXTENDS IExclusiveCompositeActivity","1","2"
"Sources/TwinCAT.OpenFramework.Workflow/Activities/Composite/Exclusive/Wait/WaitAndPick/WaitAndPickActivity.TcPOU","POU","WaitAndPickActivity","{attribute 'no_explicit_call' := 'do not call this function block directly'}  | {attribute 'enable_dynamic_creation'} | FUNCTION_BLOCK WaitAndPickActivity EXTENDS ExclusiveCompositeActivity IMPLEMENTS IWaitAndPickActivity | VAR | 	{attribute 'OPC.UA.DA' := '0'} | 	_ClassName : STRING := __POUNAME(); |  | 	{attribute 'OPC.UA.DA' := '0'} | 	_BranchConditions : TOF_Collections.List<0>(0); |  | 	{attribute 'OPC.UA.DA' := '0'} | 	_BranchActivities : TOF_Collections.List<0>(0); | 	 | 	{attribute 'OPC.UA.DA' := '0'}	 | 	_CurrentBranchIndex : DINT := -1; | END_VAR","5","5"
"Sources/TwinCAT.OpenFramework.Workflow/Activities/Composite/ICompositeActivity.TcIO","Itf","ICompositeActivity","INTERFACE ICompositeActivity EXTENDS IActivity","0","0"
"Sources/TwinCAT.OpenFramework.Workflow/Activities/Delay/DelayActivity.TcPOU","POU","DelayActivity","{attribute 'no_explicit_call' := 'do not call this function block directly'}  | {attribute 'enable_dynamic_creation'} | FUNCTION_BLOCK DelayActivity EXTENDS Activity IMPLEMENTS IDelayActivity | VAR | 	_ClassName_ : STRING := __POUNAME(); |  | 	_Timer : Tc2_Standard.TON; | END_VAR","2","4"
"Sources/TwinCAT.OpenFramework.Workflow/Activities/Delay/IDelayActivity.TcIO","Itf","IDelayActivity","INTERFACE IDelayActivity EXTENDS IActivity","0","0"
"Sources/TwinCAT.OpenFramework.Workflow/Activities/IActivity.TcIO","Itf","IActivity","INTERFACE IActivity EXTENDS TOF_Core.IExecutable, IWorkflowElement","3","7"
"Sources/TwinCAT.OpenFramework.Workflow/Activities/WaitVariableValue/IWaitVariableValueActivity.TcIO","Itf","IWaitVariableValueActivity","INTERFACE IWaitVariableValueActivity EXTENDS IActivity","1","2"
"Sources/TwinCAT.OpenFramework.Workflow/Activities/WaitVariableValue/WaitVariableValueActivity.TcPOU","POU","WaitVariableValueActivity","{attribute 'no_explicit_call' := 'do not call this function block directly'}  | {attribute 'enable_dynamic_creation'} | FUNCTION_BLOCK WaitVariableValueActivity EXTENDS Activity IMPLEMENTS IWaitVariableValueActivity | VAR | 	{attribute 'OPC.UA.DA' := '0'} | 	_ClassName : STRING := __POUNAME(); | 	 | 	{attribute 'OPC.UA.DA' := '0'} | 	_Condition : IVariableHasValueCondition; | 	 | 	{attribute 'OPC.UA.DA' := '0'} | 	_Configured : BOOL; | END_VAR","4","5"
"Sources/TwinCAT.OpenFramework.Workflow/Conditions/CompositeCondition/CompositeCondition.TcPOU","POU","CompositeCondition","{attribute 'no_explicit_call' := 'do not call this function block directly'}  | {attribute 'enable_dynamic_creation'} | FUNCTION_BLOCK ABSTRACT CompositeCondition EXTENDS Condition IMPLEMENTS ICompositeCondition | VAR | 	{attribute 'OPC.UA.DA' := '0'} | 	_ClassName : STRING := __POUNAME(); |  | 	{attribute 'OPC.UA.DA' := '0'} | 	_LogicalOperator : LOGICAL_OPERATOR; |  | 	{attribute 'OPC.UA.DA' := '0'} | 	_Children : TOF_Collections.List<0>(0); | END_VAR","2","5"
"Sources/TwinCAT.OpenFramework.Workflow/Conditions/CompositeCondition/ICompositeCondition.TcIO","Itf","ICompositeCondition","INTERFACE ICompositeCondition EXTENDS ICondition","1","1"
"Sources/TwinCAT.OpenFramework.Workflow/Conditions/Condition.TcPOU","POU","Condition","{attribute 'no_explicit_call' := 'do not call this function block directly'}  | FUNCTION_BLOCK ABSTRACT Condition EXTENDS TOF_Core.Object IMPLEMENTS ICondition | VAR | 	{attribute 'hide'}  | 	_Name : WSTRING; |  | 	_Workflow : IWorkflow; |  | 	_ParentActivity : IActivity; | 	 | 	_ParentCondition : ICondition; |  | 	_Variables : TOF_Collections.Dictionary<0>(0, 0); | END_VAR","4","5"
"Sources/TwinCAT.OpenFramework.Workflow/Conditions/ICondition.TcIO","Itf","ICondition","INTERFACE ICondition EXTENDS IWorkflowElement","1","3"
"Sources/TwinCAT.OpenFramework.Workflow/Conditions/LOGICAL_OPERATOR.TcDUT","DUT","LOGICAL_OPERATOR","{attribute 'qualified_only'} | {attribute 'strict'} | {attribute 'to_string'} | TYPE LOGICAL_OPERATOR : | ( | 	AND_ := 0, | 	OR_ := 1 | ) BYTE; | END_TYPE","0","0"
"Sources/TwinCAT.OpenFramework.Workflow/Conditions/True/ITrueCondition.TcIO","Itf","ITrueCondition","INTERFACE ITrueCondition EXTENDS ICondition","0","0"
"Sources/TwinCAT.OpenFramework.Workflow/Conditions/True/TrueCondition.TcPOU","POU","TrueCondition","{attribute 'no_explicit_call' := 'do not call this function block directly'}  | FUNCTION_BLOCK TrueCondition EXTENDS Condition IMPLEMENTS ITrueCondition | VAR | 	{attribute 'OPC.UA.DA' := '0'} | 	_ClassName : STRING := __POUNAME(); | END_VAR","1","4"
"Sources/TwinCAT.OpenFramework.Workflow/Conditions/VariableHasValue/IVariableHasValueCondition.TcIO","Itf","IVariableHasValueCondition","INTERFACE IVariableHasValueCondition EXTENDS ICondition","1","2"
"Sources/TwinCAT.OpenFramework.Workflow/Conditions/VariableHasValue/VariableHasValueCondition.TcPOU","POU","VariableHasValueCondition","{attribute 'no_explicit_call' := 'do not call this function block directly'}  | {attribute 'enable_dynamic_creation'} | FUNCTION_BLOCK VariableHasValueCondition EXTENDS Condition IMPLEMENTS IVariableHasValueCondition | VAR | 	{attribute 'OPC.UA.DA' := '0'} | 	_ClassName : STRING := __POUNAME(); |  | 	{attribute 'OPC.UA.DA' := '0'} | 	_MonitoredVariableName : STRING; |  | 	{attribute 'OPC.UA.DA' := '0'} | 	_Predicate : TOF_Comparision.IdenticalDataPredicate; | END_VAR","3","6"
"Sources/TwinCAT.OpenFramework.Workflow/DataStructures/VARIABLE_DESCRIPTOR.TcPOU","POU","VARIABLE_DESCRIPTOR","FUNCTION_BLOCK VARIABLE_DESCRIPTOR | VAR_OUTPUT	 | 	Name : STRING; | 	TypeClass : TOF_Core.GENERIC_TYPE_CLASS; | 	Address : PVOID; | 	Size : ULINT; | END_VAR","1","0"
"Sources/TwinCAT.OpenFramework.Workflow/Enums/ACTIVITY_RUNNING_STATE.TcDUT","DUT","ACTIVITY_RUNNING_STATE","{attribute 'qualified_only'} | {attribute 'strict'} | {attribute 'to_string'} | TYPE ACTIVITY_RUNNING_STATE : | ( | 	WORK_IN_PROGRESS := 0, | 	WORK_COMPLETED, | 	WORK_HALTED | ); | END_TYPE","0","0"
"Sources/TwinCAT.OpenFramework.Workflow/Enums/ACTIVITY_STOPPING_STATE.TcDUT","DUT","ACTIVITY_STOPPING_STATE","{attribute 'qualified_only'} | {attribute 'strict'} | {attribute 'to_string'} | TYPE ACTIVITY_STOPPING_STATE : | ( | 	WORK_IN_PROGRESS := 0, | 	WORK_STOPPED, | 	WORK_COMPLETED, | 	WORK_HALTED | ); | END_TYPE","0","0"
"Sources/TwinCAT.OpenFramework.Workflow/Enums/WORKFLOW_ELEMENT_STATE.TcDUT","DUT","WORKFLOW_ELEMENT_STATE","{attribute 'qualified_only'} | {attribute 'strict'} | {attribute 'to_string'} | TYPE WORKFLOW_ELEMENT_STATE : | ( | 	PASSIVE_INITIAL := 0, // initial state, can be changed to ACTIVE_RUNNING (with RequestStart) | 	PASSIVE_COMPLETED, // work completed, can be changed to ACTIVE_RUNNING (with RequestStart) | 	PASSIVE_HALTED, // work halted by internal logic, can be switched to ACTIVE_RUNNING (with RequestStart)  | 	PASSIVE_CANCELLED, // work cancelled by external command, can be changed to ACTIVE_RUNNING (with RequestStart) | 	PASSIVE_FAILED, // error cccured in active state, can be changed to ACTIVE_RUNNING (with RequestStart) | 	PASSIVE_SUSPENDED, // work suspended for further resuming, can be changed to ACTIVE_RUNNING (with RequestResume)  |  | 	ACTIVE_RUNNING, // normal work, can be changed to PASSIVE_COMPLETED (internally) or ACTIVE_SUSPENDING (RequestSuspend) or ACTIVE_CANCELLING (RequestCancel) or PASSIVE_HALTED (internally) or PASSIVE_FAILED (internally) | 	ACTIVE_CANCELLING,	// cancelling process, can be changed to PASSIVE_CANCELLED (internally) or PASSIVE_COMPLETED (internally) or PASSIVE_HALTED (internally) or PASSIVE_FAILED (internally)  | 	ACTIVE_SUSPENDING // suspendng process, can be changed to PASSIVE_SUSPENDED (internally) or PASSIVE_COMPLETED (internally) or PASSIVE_HALTED (internally) or PASSIVE_FAILED (internally)  | ); | END_TYPE","0","0"
"Sources/TwinCAT.OpenFramework.Workflow/Exception/InvalidNestedWorkflowState/IInvalidNestedWorkflowStateException.TcIO","Itf","IInvalidNestedWorkflowStateException","INTERFACE IInvalidNestedWorkflowStateException EXTENDS TOF_Core.IGeneralException","1","0"
"Sources/TwinCAT.OpenFramework.Workflow/Exception/InvalidNestedWorkflowState/InvalidNestedWorkflowStateException.TcPOU","POU","InvalidNestedWorkflowStateException","{attribute 'enable_dynamic_creation'}	 | {attribute 'no_explicit_call' := 'do not call this function block directly'}  | FUNCTION_BLOCK InvalidNestedWorkflowStateException EXTENDS TOF_Core.GeneralException IMPLEMENTS IInvalidNestedWorkflowStateException | VAR | 	{attribute 'hide'}  | 	_ClassName : STRING := __POUNAME(); | END_VAR","2","3"
"Sources/TwinCAT.OpenFramework.Workflow/Exception/InvalidWorkflowTransition/IInvalidWorkflowTransitionException.TcIO","Itf","IInvalidWorkflowTransitionException","INTERFACE IInvalidWorkflowTransitionException EXTENDS TOF_Core.IGeneralException","1","0"
"Sources/TwinCAT.OpenFramework.Workflow/Exception/InvalidWorkflowTransition/InvalidWorkflowTransitionException.TcPOU","POU","InvalidWorkflowTransitionException","{attribute 'enable_dynamic_creation'}	 | {attribute 'no_explicit_call' := 'do not call this function block directly'}  | FUNCTION_BLOCK InvalidWorkflowTransitionException EXTENDS TOF_Core.GeneralException IMPLEMENTS IInvalidWorkflowTransitionException | VAR | 	{attribute 'hide'}  | 	_ClassName : STRING := __POUNAME(); | END_VAR","2","3"
"Sources/TwinCAT.OpenFramework.Workflow/Internal/CurrentNamespace.TcPOU","POU","CurrentNamespace","{attribute 'no_explicit_call' := 'do not call this POU directly'} | PROGRAM INTERNAL CurrentNamespace | VAR | 	{attribute 'hide'}  | 	_NamespaceExtractor : NamespaceExtractor; | END_VAR","0","1"
"Sources/TwinCAT.OpenFramework.Workflow/Internal/NamespaceExtractor.TcPOU","POU","NamespaceExtractor","FUNCTION_BLOCK INTERNAL NamespaceExtractor | VAR_OUTPUT | 	{attribute 'init_namespace'}  | 	CurrentNamespace : STRING; 	 | END_VAR","0","0"
"Sources/TwinCAT.OpenFramework.Workflow/IVariableContainer.TcIO","Itf","IVariableContainer","INTERFACE IVariableContainer EXTENDS TOF_Core.IObject","1","0"
"Sources/TwinCAT.OpenFramework.Workflow/IWorkflowElement.TcIO","Itf","IWorkflowElement","INTERFACE IWorkflowElement EXTENDS IVariableContainer, TOF_Core.INamed","0","1"
"Sources/TwinCAT.OpenFramework.Workflow/TwinCAT_OpenFramework_Workflow.plcproj","Project","","","0","0"
"Sources/TwinCAT.OpenFramework.Workflow/Version/Global_Version.TcGVL","GVL","Global_Version","{attribute 'TcGenerated'} | {attribute 'no-analysis'} | {attribute 'linkalways'} | // This function has been automatically generated from the project information. | VAR_GLOBAL CONSTANT | 	{attribute 'const_non_replaced'} | 	stLibVersion_TwinCAT_Open_Framework_Workflow : ST_LibVersion := (iMajor := 1, iMinor := 0, iBuild := 10, iRevision := 0, nFlags := 0, sVersion := '1.0.10.0'); | END_VAR","0","0"
"Sources/TwinCAT.OpenFramework.Workflow/Workflow/IWorkflow.TcIO","Itf","IWorkflow","INTERFACE IWorkflow EXTENDS TOF_Core.IExecutable, IVariableContainer","5","6"
"Sources/TwinCAT.OpenFramework.Workflow/Workflow/Workflow.TcPOU","POU","Workflow","{attribute 'no_explicit_call' := 'do not call this function block directly'}  | {attribute 'enable_dynamic_creation'}	 | FUNCTION_BLOCK ABSTRACT Workflow  | VAR_GENERIC CONSTANT |     VariableCount : INT(0..10000) := 0; | END_VAR | EXTENDS TOF_Core.Object IMPLEMENTS IWorkflow | VAR | 	{attribute 'hide'}  | 	_Name : WSTRING; |  | 	_Initialized : BOOL; | 	 | 	_Variables : TOF_Collections.Dictionary<0>(0, 0); | 	 | 	_RootActivity : IActivity; | 	 | 	_DynamicChildren : TOF_Collections.UniqueDataSet<0>(0); | END_VAR","15","10"
"Sources/TwinCAT.OpenFramework.Workflow/Workflows.TcPOU","POU","Workflows","PROGRAM Workflows | VAR | 	{attribute 'hide'}  | 	_ClassName : STRING := __POUNAME(); | END_VAR","2","2"
